Product_ID,Product_Name,Product_Category,Price,Image_URL,Details,Ingredients,Nutrition_Dict
,,,,,,,
78957463,Wegmans Food You Feel Good About Watermelon Chunks, Fresh Cut Fruit,$6.00 each,"https://d2d8wwwkmhfcva.cloudfront.net/750x/filters:fill(FFF,true):format(jpg)/d2lnr5mha7bycj.cloudfront.net/product-image/file/large_76363a52-bcfa-45e1-ab57-b0662bd8df2d.jpeg",NA,NA,{}
,,,,,,,
78965284,"Wegmans Food You Feel Good About Mango Spears, FAMILY PACK", Fresh Cut Fruit,$13.79 each,"https://d2d8wwwkmhfcva.cloudfront.net/750x/filters:fill(FFF,true):format(jpg)/d2lnr5mha7bycj.cloudfront.net/product-image/file/large_1d81e670-0182-460f-92be-db3e539b4d58.jpeg",Product of Peru.,NA,{}
,,,,,,,
79001198,Wegmans Food You Feel Good About Pineapple Chunks, Fresh Cut Fruit,$6.08 each,"https://d2d8wwwkmhfcva.cloudfront.net/750x/filters:fill(FFF,true):format(jpg)/d2lnr5mha7bycj.cloudfront.net/product-image/file/large_02ce3d77-9526-4d50-9892-203d705d07e3.jpeg",Product of Costa Rica.,NA,{}
,,,,,,,
78964398,"Wegmans Food You Feel Good About Watermelon Chunks, FAMILY PACK", Fresh Cut Fruit,$9.19 each,"https://d2d8wwwkmhfcva.cloudfront.net/750x/filters:fill(FFF,true):format(jpg)/d2lnr5mha7bycj.cloudfront.net/product-image/file/large_b1857c24-fba6-4adb-93e5-4948519c7427.jpeg",Product of USA,NA,{}
,,,,,,,
78965310,"Wegmans Pineapple Spears, FAMILY PACK", Fresh Cut Fruit,$9.19 each,"https://d2d8wwwkmhfcva.cloudfront.net/750x/filters:fill(FFF,true):format(jpg)/d2lnr5mha7bycj.cloudfront.net/product-image/file/large_0205dd21-2bd0-444d-8c0c-78211a155106.jpeg",NA,NA,{}
,,,,,,,
79033623,Wegmans Food You Feel Good About Small Cantaloupe Chunks, Fresh Cut Fruit,$8.69 each,"https://d2d8wwwkmhfcva.cloudfront.net/750x/filters:fill(FFF,true):format(jpg)/d2lnr5mha7bycj.cloudfront.net/product-image/file/large_4b22988d-8d2d-4ceb-9cbf-5d09b7127877.jpeg",NA,NA,{}
,,,,,,,
79021459,Wegmans Seedless Cut Watermelon, Fresh Cut Fruit,$4.80 each,"https://d2d8wwwkmhfcva.cloudfront.net/750x/filters:fill(FFF,true):format(jpg)/d2lnr5mha7bycj.cloudfront.net/product-image/file/large_568d0c1f-1eea-4591-b3f9-58cc38d72596.jpeg",It's a great way to enjoy a nice sweet taste of summer.,NA,{}
,,,,,,,
78965672,"Wegmans Food You Feel Good About Apples, Grapes & Cheese Bites", Fresh Cut Fruit,$2.29 each,"https://d2d8wwwkmhfcva.cloudfront.net/750x/filters:fill(FFF,true):format(jpg)/d2lnr5mha7bycj.cloudfront.net/product-image/file/large_2d12ec9f-be39-4ee1-ba67-1eae917b3739.jpeg",NA,NA,{}
,,,,,,,
78965206,Wegmans Food You Feel Good About Tropical Fruit Bowl, Fresh Cut Fruit,$13.79 each,"https://d2d8wwwkmhfcva.cloudfront.net/750x/filters:fill(FFF,true):format(jpg)/d2lnr5mha7bycj.cloudfront.net/product-image/file/large_ff675370-f519-460d-82a3-6982202bc973.jpeg",NA,NA,{}
,,,,,,,
78966567,Wegmans Melon Spear Trio, Fresh Cut Fruit,$9.19 each,"https://d2d8wwwkmhfcva.cloudfront.net/750x/filters:fill(FFF,true):format(jpg)/d2lnr5mha7bycj.cloudfront.net/product-image/file/large_f0bc6d01-bd9c-4b8b-b32b-160a9beafc3a.jpeg",NA,NA,{}
,,,,,,,
79175080,"Wegmans Food You Feel Good About Fruit Bowl, FAMILY PACK", Fresh Cut Fruit,$13.79 each,"https://d2d8wwwkmhfcva.cloudfront.net/750x/filters:fill(FFF,true):format(jpg)/d2lnr5mha7bycj.cloudfront.net/product-image/file/large_81c87dc1-4ac8-4b4b-a3b6-fac33279f603.jpeg",NA,NA,{}
,,,,,,,
79944285,Wegmans Food You Feel Good About Mango Chunks, Fresh Cut Fruit,$10.39 each,"https://d2d8wwwkmhfcva.cloudfront.net/750x/filters:fill(FFF,true):format(jpg)/d2lnr5mha7bycj.cloudfront.net/product-image/file/large_1cd77744-8481-4190-9004-3299a1b7d8de.jpeg",Choose slightly firm mangos with sweet aroma. Avoid sap on skin.,NA,{}
,,,,,,,
79174531,Wegmans Food You Feel Good About Strawberry and Kiwi, Fresh Cut Fruit,$9.35 each,"https://d2d8wwwkmhfcva.cloudfront.net/750x/filters:fill(FFF,true):format(jpg)/d2lnr5mha7bycj.cloudfront.net/product-image/file/large_3aa97531-1908-48e7-8084-4b1c10d2963f.jpeg",Washed and ready to eat.,NA,{}
,,,,,,,
79201836,"Wegmans Large Traditional Fruit Bowl, FAMILY PACK", Fresh Cut Fruit,$19.59 each,"https://d2d8wwwkmhfcva.cloudfront.net/750x/filters:fill(FFF,true):format(jpg)/d2lnr5mha7bycj.cloudfront.net/product-image/file/large_562f02d4-9291-426d-ae29-e3a2f4053daa.jpeg",Washed and Ready To Eat,NA,{}
,,,,,,,
79047944,Wegmans Food You Feel Good About Fresh Sliced Strawberries, Fresh Cut Fruit,$5.71 each,"https://d2d8wwwkmhfcva.cloudfront.net/750x/filters:fill(FFF,true):format(jpg)/d2lnr5mha7bycj.cloudfront.net/product-image/file/large_8bd0cadd-6ebc-4322-8385-fbd4dc27afed.jpeg",Washed and ready to eat.,NA,{}
,,,,,,,
79225468,"Wegmans Berry Bowl, FAMILY PACK", Fresh Cut Fruit,$10.39 each,"https://d2d8wwwkmhfcva.cloudfront.net/750x/filters:fill(FFF,true):format(jpg)/d2lnr5mha7bycj.cloudfront.net/product-image/file/large_3da3d7da-e035-451a-bb16-bafc995a5388.jpeg",Washed and Ready To Eat.,NA,{}
,,,,,,,
79115578,Wegmans Food You Feel Good About Strawberry Sliced with Blueberry, Fresh Cut Fruit,$8.62 each,"https://d2d8wwwkmhfcva.cloudfront.net/750x/filters:fill(FFF,true):format(jpg)/d2lnr5mha7bycj.cloudfront.net/product-image/file/large_69f2a98f-8fab-4d73-b311-48a81371a676.jpeg",Washed and ready to eat.,NA,{}
,,,,,,,
83277698,"Wegmans Fresh Cut Fruit Watermelon Chunks, FAMILY PACK", Fresh Cut Fruit,$9.19 each,"https://d2d8wwwkmhfcva.cloudfront.net/750x/filters:fill(FFF,true):format(jpg)/d2lnr5mha7bycj.cloudfront.net/product-image/file/large_c514508d-4c67-4dc5-8910-c989e6b92ac2.jpeg",NA,NA,{}
,,,,,,,
78965262,"Wegmans Food You Feel Good About Cantaloupe Spears, FAMILY PACK", Fresh Cut Fruit,$9.19 each,"https://d2d8wwwkmhfcva.cloudfront.net/750x/filters:fill(FFF,true):format(jpg)/d2lnr5mha7bycj.cloudfront.net/product-image/file/large_4446a68f-82e5-4e39-ba5b-a9ffde0dcf81.jpeg",Product of Costa Rica.,NA,{}
,,,,,,,
78965739,"Wegmans Tropical Fruit Bowl, FAMILY PACK", Fresh Cut Fruit,$19.59 each,"https://d2d8wwwkmhfcva.cloudfront.net/750x/filters:fill(FFF,true):format(jpg)/d2lnr5mha7bycj.cloudfront.net/product-image/file/large_394a28bd-b379-44a6-910b-0c8bfad71474.jpeg",NA,NA,{}
,,,,,,,
79024027,"Wegmans Food You Feel Good About Pineapple Rings, DM Gold", Fresh Cut Fruit,$3.49 each,"https://d2d8wwwkmhfcva.cloudfront.net/750x/filters:fill(FFF,true):format(jpg)/d2lnr5mha7bycj.cloudfront.net/product-image/file/large_183318e7-b955-4aac-a0ec-0bbf7ecc03ff.jpeg","Remember, your satisfaction is always guaranteed with Wegmans brand products - Danny Wegman. Country of Origin: Costa Rica.",Pineapple.,"{'Calories': ' 90', 'Total Fat': ' 0g', 'Cholesterol': ' 0mg', 'Sodium': ' 0mg', 'Total Carbohydrate': ' 23g', 'Protein': ' 0g'}"
,,,,,,,
79016058,Wegmans Orange Juice, Fresh Cut Fruit,$4.59 each,"https://d2d8wwwkmhfcva.cloudfront.net/750x/filters:fill(FFF,true):format(jpg)/d2lnr5mha7bycj.cloudfront.net/product-image/file/large_f82e291e-55ed-4061-bffa-88e7e8885108.jpeg","Small Batches.  Big Flavor!Never Heated!  We only offer products we love - and we hope you'll love them too. If not, we'll give you your money back - The Wegmans Family.  Our Food You Feel Good About yellow banner is your shortcut to great-tasting products with no artificial colors, flavors, or preservatives.",NA,"{'Calories': ' 90', 'Total Fat': ' 0g', 'Cholesterol': ' 0mg', 'Sodium': ' 0mg', 'Total Carbohydrate': ' 23g', 'Protein': ' 0g'}"
,,,,,,,
78957465,Wegmans Food You Feel Good About Honeydew Chunks, Fresh Cut Fruit,$5.21 each,"https://d2d8wwwkmhfcva.cloudfront.net/750x/filters:fill(FFF,true):format(jpg)/d2lnr5mha7bycj.cloudfront.net/product-image/file/large_21829a21-7d3b-47bd-a882-b260de8b1f3f.jpeg",NA,NA,"{'Calories': ' 90', 'Total Fat': ' 0g', 'Cholesterol': ' 0mg', 'Sodium': ' 0mg', 'Total Carbohydrate': ' 23g', 'Protein': ' 0g'}"
,,,,,,,
261952008,Wegmans Organic Lemon Ginger Cayenne Juice, Fresh Cut Fruit,$6.89 each,"https://d2d8wwwkmhfcva.cloudfront.net/750x/filters:fill(FFF,true):format(jpg)/d2lnr5mha7bycj.cloudfront.net/product-image/file/large_aaeb4382-012b-49ff-bae1-a0b6249db3ec.jpeg",Small Batches-Big Flavor.19% Juice Cold Pressed. Never Heated! Certified Organic by CCOF.,NA,"{'Calories': ' 90', 'Total Fat': ' 0g', 'Cholesterol': ' 0mg', 'Sodium': ' 0mg', 'Total Carbohydrate': ' 23g', 'Protein': ' 0g'}"
,,,,,,,
79205477,"Wegmans Food You Feel Good About Fresh Cut Veggies Guacomole, Small", Fresh Cut Vegetables,$8.69 each,"https://d2d8wwwkmhfcva.cloudfront.net/750x/filters:fill(FFF,true):format(jpg)/d2lnr5mha7bycj.cloudfront.net/product-image/file/large_47f943fa-4d64-43a9-a9a5-1ce3c2a868c0.jpeg",Keep Refrigerated,NA,{}
,,,,,,,
78984836,Wegmans Organic Cleaned & Cut Butternut Squash, Fresh Cut Vegetables,$4.59 each,"https://d2d8wwwkmhfcva.cloudfront.net/750x/filters:fill(FFF,true):format(jpg)/d2lnr5mha7bycj.cloudfront.net/product-image/file/large_fbea7ea7-ee4a-432c-acad-8700bb24425c.jpeg","USDA Organic. Washed and Ready To Cook.  While many factors affect heart disease, diets low in saturated fat and cholesterol may reduce the risk of this disease.  Make foods like this part of your plan for heart healthful eating.  The green Organic leaf on the label is our promise that this delicious Food You Feel Good About item has been produced in compliance with USDA Organic standards and that it contains no artificial colors, flavors or preservatives.",Organic Butternut Squash.,"{'Calories': ' 40', 'Total Fat': ' 0g', 'Cholesterol': ' 0mg', 'Sodium': ' 0mg', 'Total Carbohydrate': ' 10g', 'Protein': ' 1g'}"
,,,,,,,
78969954,Wegmans Food You Feel Good About Chopped Onions, Fresh Cut Vegetables,$2.89 each,"https://d2d8wwwkmhfcva.cloudfront.net/750x/filters:fill(FFF,true):format(jpg)/d2lnr5mha7bycj.cloudfront.net/product-image/file/large_2b5f556c-db5c-4701-80cc-785f14bc6335.jpeg","Processed in Canada. Product of USA.  Our Food You Feel Good About yellow banner is your shortcut to great-tasting products with no artificial colors, flavors, or preservatives.",Onions.,"{'Calories': ' 30', 'Total Fat': ' 0g', 'Cholesterol': ' 0mg', 'Sodium': ' 10mg', 'Total Carbohydrate': ' 7g', 'Protein': ' 1g'}"
,,,,,,,
78971765,Wegmans Food You Feel Good About Sliced Shiitake Mushrooms, Fresh Cut Vegetables,$4.59 each,"https://d2d8wwwkmhfcva.cloudfront.net/750x/filters:fill(FFF,true):format(jpg)/d2lnr5mha7bycj.cloudfront.net/product-image/file/large_39ad5660-d308-467a-a8b2-93cf66d0e329.jpeg","Product of USA.  Our Food You Feel Good About yellow banner is your shortcut to great-tasting products with no artificial colors, flavors, or preservatives.",Shiitake Mushrooms,"{'Calories': ' 30', 'Total Fat': ' 0g', 'Cholesterol': ' 0mg', 'Sodium': ' 5mg', 'Total Carbohydrate': ' 5g', 'Protein': ' 2g'}"
,,,,,,,
79006134,Wegmans Food You Feel Good About Cleaned and Cut Yams (Sweet Potatoes), Fresh Cut Vegetables,$3.49 each,"https://d2d8wwwkmhfcva.cloudfront.net/750x/filters:fill(FFF,true):format(jpg)/d2lnr5mha7bycj.cloudfront.net/product-image/file/large_e007fb8d-e560-42d7-919e-fd2630a297a8.jpeg","Heart Healthy. No preservatives. Strive for 5 Fruits & Vegetables a Day (1 bag = about 3 cups vegetables). Let's Get Cooking: Since we've already pre-washed and pre-cut, dinner is closer than you think! As always, you can trust our Food You Feel Good About banner to bring you nature's best with nothing added. While many factors affect heart disease, diets low in saturated fat and cholesterol may reduce the risk of this disease. Make foods like yams part of your plan for heart healthful eating. Remember, your satisfaction is always guaranteed with Wegmans brand products. - The Wegmans Family. Product of USA. Processed in Canada.   Our Food You Feel Good About yellow banner is your shortcut to great-tasting products with no artificial colors, flavors, or preservatives.",Yams (Sweet Potatoes).,"{'Calories': ' 50', 'Total Fat': ' 0g', 'Cholesterol': ' 0mg', 'Sodium': ' 15mg', 'Total Carbohydrate': ' 12g', 'Protein': ' 1g'}"
,,,,,,,
78967531,Wegmans Pico de Gallo Fresh Salsa, Fresh Cut Vegetables,$8.69 each,"https://d2d8wwwkmhfcva.cloudfront.net/750x/filters:fill(FFF,true):format(jpg)/d2lnr5mha7bycj.cloudfront.net/product-image/file/large_7d99f613-49d3-432c-92b6-bb5fd5e26b46.jpeg",NA,NA,"{'Calories': ' 50', 'Total Fat': ' 0g', 'Cholesterol': ' 0mg', 'Sodium': ' 15mg', 'Total Carbohydrate': ' 12g', 'Protein': ' 1g'}"
,,,,,,,
79953074,"Wegmans Food You Feel Good About Fresh Cut Veggies Guacamole, FAMILY PACK", Fresh Cut Vegetables,$8.69 each,"https://d2d8wwwkmhfcva.cloudfront.net/750x/filters:fill(FFF,true):format(jpg)/d2lnr5mha7bycj.cloudfront.net/product-image/file/large_9fff8b67-c853-4555-a521-d307cf6fa997.jpeg",Keep Refrigerated,NA,"{'Calories': ' 50', 'Total Fat': ' 0g', 'Cholesterol': ' 0mg', 'Sodium': ' 15mg', 'Total Carbohydrate': ' 12g', 'Protein': ' 1g'}"
,,,,,,,
78959082,Wegmans Food You Feel Good About Diced Mirepoix, Fresh Cut Vegetables,$2.89 each,"https://d2d8wwwkmhfcva.cloudfront.net/750x/filters:fill(FFF,true):format(jpg)/d2lnr5mha7bycj.cloudfront.net/product-image/file/large_cedc304d-e41b-4532-ac13-a46057cc4e8d.jpeg","Processed in Canada.  Our Food You Feel Good About yellow banner is your shortcut to great-tasting products with no artificial colors, flavors, or preservatives.","Carrots, Celery, Onions.","{'Calories': ' 10', 'Total Fat': ' 0g', 'Cholesterol': ' 0mg', 'Sodium': ' 10mg', 'Total Carbohydrate': ' 2g', 'Protein': ' 0g'}"
,,,,,,,
78974077,Wegmans Food You Feel Good About Diced Celery, Fresh Cut Vegetables,$2.89 each,"https://d2d8wwwkmhfcva.cloudfront.net/750x/filters:fill(FFF,true):format(jpg)/d2lnr5mha7bycj.cloudfront.net/product-image/file/large_61f124bf-71a6-40d6-8a43-3ed012189a10.jpeg","Cleaned and cut. Processed in Canada. Product of USA.  Our Food You Feel Good About yellow banner is your shortcut to great-tasting products with no artificial colors, flavors, or preservatives.",Celery.,"{'Calories': ' 15', 'Total Fat': ' 0g', 'Cholesterol': ' 0mg', 'Sodium': ' 110mg', 'Total Carbohydrate': ' 3g', 'Protein': ' 1g'}"
,,,,,,,
79006300,Wegmans Food You Feel Good About Diced Green Peppers & Onions, Fresh Cut Vegetables,$2.89 each,"https://d2d8wwwkmhfcva.cloudfront.net/750x/filters:fill(FFF,true):format(jpg)/d2lnr5mha7bycj.cloudfront.net/product-image/file/large_63ce31c4-ac4c-4b90-afc4-561668d8f00f.jpeg","Processed in Canada. Product of USA.  Our Food You Feel Good About yellow banner is your shortcut to great-tasting products with no artificial colors, flavors, or preservatives.","Green Bell Peppers, Onions.","{'Calories': ' 25', 'Total Fat': ' 0g', 'Cholesterol': ' 0mg', 'Sodium': ' 5mg', 'Total Carbohydrate': ' 5g', 'Protein': ' 1g'}"
,,,,,,,
78962166,Wegmans Food You Feel Good About Large Cut Mirepoix, Fresh Cut Vegetables,$4.09 each,"https://d2d8wwwkmhfcva.cloudfront.net/750x/filters:fill(FFF,true):format(jpg)/d2lnr5mha7bycj.cloudfront.net/product-image/file/large_9e11a21d-82b5-4af3-9255-79fcbb731b6d.jpeg","Processed in Canada.  Our Food You Feel Good About yellow banner is your shortcut to great-tasting products with no artificial colors, flavors, or preservatives.","Carrot, Celery, Onion.","{'Calories': ' 30', 'Total Fat': ' 0g', 'Cholesterol': ' 0mg', 'Sodium': ' 30mg', 'Total Carbohydrate': ' 6g', 'Protein': ' 0g'}"
,,,,,,,
78990029,Wegmans Food You Feel Good About Diced Celery & Onions, Fresh Cut Vegetables,$2.89 each,"https://d2d8wwwkmhfcva.cloudfront.net/750x/filters:fill(FFF,true):format(jpg)/d2lnr5mha7bycj.cloudfront.net/product-image/file/large_82ca6460-ebd0-48e6-bc75-8a86555f3325.jpeg","Processed in Canada. Product of USA.  Our Food You Feel Good About yellow banner is your shortcut to great-tasting products with no artificial colors, flavors, or preservatives.","Celery, Onions.","{'Calories': ' 20', 'Total Fat': ' 0g', 'Cholesterol': ' 0mg', 'Sodium': ' 20mg', 'Total Carbohydrate': ' 3g', 'Protein': ' 1g'}"
,,,,,,,
152261162,Wegmans Fresh Cut Veggies Portabella Mushroom Cutlets, Fresh Cut Vegetables,$9.19 each,"https://d2d8wwwkmhfcva.cloudfront.net/750x/filters:fill(FFF,true):format(jpg)/d2lnr5mha7bycj.cloudfront.net/product-image/file/large_814b3c98-0a6e-43dc-ab26-8e5d8c61eebd.jpeg",breaded portabella mushroom caps with spices & cheese,NA,"{'Calories': ' 20', 'Total Fat': ' 0g', 'Cholesterol': ' 0mg', 'Sodium': ' 20mg', 'Total Carbohydrate': ' 3g', 'Protein': ' 1g'}"
,,,,,,,
79005600,Wegmans Food You Feel Good About Diced Green Peppers, Fresh Cut Vegetables,$2.89 each,"https://d2d8wwwkmhfcva.cloudfront.net/750x/filters:fill(FFF,true):format(jpg)/d2lnr5mha7bycj.cloudfront.net/product-image/file/large_1f2c1e13-62d0-439e-8a8e-e5bd6d41e3f8.jpeg","Processed in Canada. Product of USA.  Our Food You Feel Good About yellow banner is your shortcut to great-tasting products with no artificial colors, flavors, or preservatives.",Green Bell Peppers.,"{'Calories': ' 15', 'Total Fat': ' 0g', 'Cholesterol': ' 0mg', 'Sodium': ' 0mg', 'Total Carbohydrate': ' 3g', 'Protein': ' 1g'}"
,,,,,,,
696580118,Wegmans Petite Diced Tomatoes Steam Peeled, Fresh Cut Vegetables,$0.99 each,"https://d2d8wwwkmhfcva.cloudfront.net/750x/filters:fill(FFF,true):format(jpg)/d2lnr5mha7bycj.cloudfront.net/product-image/file/large_76aa6dce-c276-4452-ae7f-2e1a1f86d4e6.jpeg","No Artificial Colors, Flavors or Preservatives. Our Food You Feel Good About yellow banner is your shortcut to great-tasting products with no artificial colors, flavors or preservatives.Can lining made without added BPA.","Tomatoes, Tomato Juice, Sea Salt, Calcium Chloride, Citric Acid.","{'Calories': ' 25', 'Total Fat': ' 0g', 'Cholesterol': ' 0mg', 'Sodium': ' 180mg', 'Total Carbohydrate': ' 5g', 'Protein': ' 1g'}"
,,,,,,,
83013875,Banana, Fresh Fruits,$0.25 each,"https://d2d8wwwkmhfcva.cloudfront.net/750x/filters:fill(FFF,true):format(jpg)/d2lnr5mha7bycj.cloudfront.net/product-image/file/large_e829f0a9-0ce0-49f8-a4e8-4dc9bbbebb7f.jpeg",NA,Green Bananas.,{}
,,,,,,,
103202297,Hass Avocado, Fresh Fruits,$1.79 each,"https://d2d8wwwkmhfcva.cloudfront.net/750x/filters:fill(FFF,true):format(jpg)/d2lnr5mha7bycj.cloudfront.net/product-image/file/large_7e6cc054-422b-4670-a82b-689a27ac388c.jpeg","Selection:  Squeeze gently; should feel pliable, not firm.    Storage:  Ripen hard avocados at room temperature, then refrigerate up to one week.  To speed ripening, place in a paper bag with a few bananas; seal tightly.",NA,{}
,,,,,,,
169853881,Wegmans Food You Feel Good About Clementines, Fresh Fruits,$4.59 each,"https://d2d8wwwkmhfcva.cloudfront.net/750x/filters:fill(FFF,true):format(jpg)/d2lnr5mha7bycj.cloudfront.net/product-image/file/large_3df91c8a-4cf3-46a5-a225-9a1726acaa31.jpeg","Great for Kids! Naturally Sweet and Easy to Peel. USDA recommends washing produce before eating. Treated to maintain freshness with food grade natural resins and/or vegetable wax. Our Food You Feel Good About yellow banner is your shortcut to great-tasting products with no artificial colors, flavors, or preservatives.",NA,{}
,,,,,,,
79001255,Organic Bananas, Fresh Fruits,$1.74 each,"https://d2d8wwwkmhfcva.cloudfront.net/750x/filters:fill(FFF,true):format(jpg)/d2lnr5mha7bycj.cloudfront.net/product-image/file/large_e2951a0b-bc93-4d98-a18e-eb7f27e380b0.jpeg",USDA Organic.,NA,{}
,,,,,,,
79123586,Driscoll's Raspberries, Fresh Fruits,$5.79 each,"https://d2d8wwwkmhfcva.cloudfront.net/750x/filters:fill(FFF,true):format(jpg)/d2lnr5mha7bycj.cloudfront.net/product-image/file/large_ecdd2a8c-957e-4865-b44a-d6e9585f01cb.jpeg",Only the Finest Berries. Product of USA.www.driscolls.com.,NA,{}
,,,,,,,
78960637,Lemon, Fresh Fruits,$0.79 each,"https://d2d8wwwkmhfcva.cloudfront.net/750x/filters:fill(FFF,true):format(jpg)/d2lnr5mha7bycj.cloudfront.net/product-image/file/large_640d7e30-a42a-4d37-86d4-5e5700632fd9.jpeg","Choose lemons with firm, thin, smooth skin, heavy for size.",NA,{}
,,,,,,,
79020062,Red Seedless Grapes, Fresh Fruits,$5.04 each,"https://d2d8wwwkmhfcva.cloudfront.net/750x/filters:fill(FFF,true):format(jpg)/d2lnr5mha7bycj.cloudfront.net/product-image/file/large_d51ab276-45b6-4b6c-9122-0870fbbd46c8.jpeg",Produce of USA.,NA,{}
,,,,,,,
79020433,Green Seedless Grapes, Fresh Fruits,$7.08 each,"https://d2d8wwwkmhfcva.cloudfront.net/750x/filters:fill(FFF,true):format(jpg)/d2lnr5mha7bycj.cloudfront.net/product-image/file/large_fbb07c4f-3597-440d-b021-72668a1713e1.jpeg","Selection: Look for grapes that are plump, full-colored and firmly attached to their stems.","Pork, Beer, Salt, Spices, Natural Lemon Flavor",{}
,,,,,,,
78957591,Organic Blueberries Package, Fresh Fruits,$4.59 each,"https://d2d8wwwkmhfcva.cloudfront.net/750x/filters:fill(FFF,true):format(jpg)/d2lnr5mha7bycj.cloudfront.net/product-image/file/large_810ea494-cf0f-4bee-b162-0dc5949bf35f.jpeg",USDA Organic.,NA,{}
,,,,,,,
79011914,Honeycrisp Apple, Fresh Fruits,$1.78 each,"https://d2d8wwwkmhfcva.cloudfront.net/750x/filters:fill(FFF,true):format(jpg)/d2lnr5mha7bycj.cloudfront.net/product-image/file/large_10fff9e2-e73e-40c5-8d37-0f294fefa5ab.jpeg","Introduced in 1991 in Minnesota, this popular apple is sweet and very crisp. Try it: Great out-of-hand-snacking, holds up well to cooking and baking, too. Season: September - October.",Organic Sweet Paprika.,{}
,,,,,,,
104421766,Blueberries Package, Fresh Fruits,$4.59 each,"https://d2d8wwwkmhfcva.cloudfront.net/750x/filters:fill(FFF,true):format(jpg)/d2lnr5mha7bycj.cloudfront.net/product-image/file/large_20f1b66c-92cb-4ea6-b18e-76ef1549660d.jpeg",Premium. Product of U.S.A.,NA,{}
,,,,,,,
83265445,Organic Raspberries, Fresh Fruits,$5.19 each,"https://d2d8wwwkmhfcva.cloudfront.net/750x/filters:fill(FFF,true):format(jpg)/d2lnr5mha7bycj.cloudfront.net/product-image/file/large_48572048-3ca7-4693-80dc-fee1a93ea8f2.jpeg",Only the Finest Berries. USDA organic. Certified organic by CCOF. www.driscolls.com. Product of USA.,NA,{}
,,,,,,,
95777381,Strawberries Package, Fresh Fruits,$5.19 each,"https://d2d8wwwkmhfcva.cloudfront.net/750x/filters:fill(FFF,true):format(jpg)/d2lnr5mha7bycj.cloudfront.net/product-image/file/large_2339d4d7-e605-4979-81b9-63b5cab4fa07.jpeg",Only the Finest Berries.Product of USA.,NA,{}
,,,,,,,
111527071,Avocado Bag, Fresh Fruits,$4.59 each,"https://d2d8wwwkmhfcva.cloudfront.net/750x/filters:fill(FFF,true):format(jpg)/d2lnr5mha7bycj.cloudfront.net/product-image/file/large_d2916dda-8a19-4dc1-a8c7-8d41cfed5452.jpeg","www.mcdanielavocado.com. McDaniel fruit company, Fallbrook, California. Growers, Packers, Shipper. Produce of Mex, Chile, Peru, USA.",NA,{}
,,,,,,,
103147478,Mandarin Oranges, Fresh Fruits,$5.79 each,"https://d2d8wwwkmhfcva.cloudfront.net/750x/filters:fill(FFF,true):format(jpg)/d2lnr5mha7bycj.cloudfront.net/product-image/file/large_be51a8c3-ab35-4a99-9aae-e5b5b9283e78.jpeg",Taste: Sweetest of all tangerines. These seedless tangerines are a close relative of the mandarine orange.,NA,{}
,,,,,,,
307790065,Cantaloupe Melon, Fresh Fruits,$3.49 each,"https://d2d8wwwkmhfcva.cloudfront.net/750x/filters:fill(FFF,true):format(jpg)/d2lnr5mha7bycj.cloudfront.net/product-image/file/large_a3cf0a57-689a-4dff-bf99-000653778d34.jpeg","Named for a castle in Italy, the true cantaloupe is a European melon that is not exported.  American ""cantaloupes"" are actually muskmelons.  The pale orange flesh is extremely juicy and sweet.  Selection:  Choose ""lopes"" that are heavy for their size, with fruity aroma, and thick, well-raised netting over straw-colored rind.  The blossom end should give to gentle pressure.",NA,{}
,,,,,,,
79041177,Strawberries Package, Fresh Fruits,$9.19 each,"https://d2d8wwwkmhfcva.cloudfront.net/750x/filters:fill(FFF,true):format(jpg)/d2lnr5mha7bycj.cloudfront.net/product-image/file/large_8d99770e-7ee8-4419-b079-1b6bf685fd6a.jpeg",Only the Finest Berries.  Product of USA.,NA,{}
,,,,,,,
79004118,"Blueberries, Family Pack", Fresh Fruits,$9.19 each,"https://d2d8wwwkmhfcva.cloudfront.net/750x/filters:fill(FFF,true):format(jpg)/d2lnr5mha7bycj.cloudfront.net/product-image/file/large_adaca29d-95d0-46e3-aae4-6dbfffacc873.jpeg",Farm fresh produce. Locally grown. Since 1906. Produce of USA.,NA,{}
,,,,,,,
103150178,Red Grapefruit, Fresh Fruits,$1.79 each,"https://d2d8wwwkmhfcva.cloudfront.net/750x/filters:fill(FFF,true):format(jpg)/d2lnr5mha7bycj.cloudfront.net/product-image/file/large_ced5c0e6-5ec6-413c-8bda-430dfc2c59a0.jpeg","Taste: Tangy-sweet.How to use: Sectioned in salads, halved for breakfast, or (our favorite) sprinkled with brown sugar and broiled for dessert.Season: Early October - late May.Heritage and history: From Florida.Its name refers to how it grows, in clusters like grapes.Deep red flesh; tangy sweet flavor.",NA,{}
,,,,,,,
79062353,Organic Strawberries Package, Fresh Fruits,$8.09 each,"https://d2d8wwwkmhfcva.cloudfront.net/750x/filters:fill(FFF,true):format(jpg)/d2lnr5mha7bycj.cloudfront.net/product-image/file/large_55316bf4-583f-4ddc-b273-9c2713eef0fe.jpeg",Only the Finest Berries. Organically grown.,NA,{}
,,,,,,,
417491660,Gala Apple, Fresh Fruits,$1.05 each,"https://d2d8wwwkmhfcva.cloudfront.net/750x/filters:fill(FFF,true):format(jpg)/d2lnr5mha7bycj.cloudfront.net/product-image/file/large_e762ac6e-b5c6-4d17-bbe0-a3508958f43a.jpeg","Flavor profile:  Mildly sweet with a crisp texture.  How to use:   Best eaten raw, their size, mellow flavor and thin skin make them a perfect choice for kids; bright yellow-red color makes it a nice salad apple.  Season:  September to July.","Unbleached Wheat Flour, Palm Oil, Water, No Sugar Added Pineapple Filling,milk Powder, Salt.",{}
,,,,,,,
142957066,Dole Fresh Raspberries, Fresh Fruits,$3.49 each,"https://d2d8wwwkmhfcva.cloudfront.net/750x/filters:fill(FFF,true):format(jpg)/d2lnr5mha7bycj.cloudfront.net/product-image/file/large_048bbd95-9666-48e2-8169-0bc48bac5f70.jpeg",Only the Finest Berries.    Product of Mexico.,NA,{}
,,,,,,,
107294413,Granny Smith Apple, Fresh Fruits,$1.23 each,"https://d2d8wwwkmhfcva.cloudfront.net/750x/filters:fill(FFF,true):format(jpg)/d2lnr5mha7bycj.cloudfront.net/product-image/file/large_f63f56dd-043e-4a0e-b946-f25bbdc9886a.jpeg","Flavor profile: Very tart and tangy, with a crispy flesh. How to use: Snacking, salads, baking and cooking. Season: Year-round.",Apples,{}
,,,,,,,
79052680,Driscoll's Organic Blackberries, Fresh Fruits,$5.79 each,"https://d2d8wwwkmhfcva.cloudfront.net/750x/filters:fill(FFF,true):format(jpg)/d2lnr5mha7bycj.cloudfront.net/product-image/file/large_7cef23da-a55e-4160-83db-36b7161b0ab8.jpeg",The finest berries in the world. Certified organic by CCOF. USDA organic. Product of Mexico.,NA,{}
,,,,,,,
295894521,Limes, Fresh Fruits,$0.49 each,"https://d2d8wwwkmhfcva.cloudfront.net/750x/filters:fill(FFF,true):format(jpg)/d2lnr5mha7bycj.cloudfront.net/product-image/file/large_c41d9c46-c3c7-42e7-acac-b7de41bc132d.jpeg","Choose limes with smooth, shiny skin, heavy for size.",NA,{}
,,,,,,,
87036360,Navel Orange, Fresh Fruits,$1.19 each,"https://d2d8wwwkmhfcva.cloudfront.net/750x/filters:fill(FFF,true):format(jpg)/d2lnr5mha7bycj.cloudfront.net/product-image/file/large_3b6aec61-22bb-4b74-b9da-a5741efcc36d.jpeg","This navel is a South African variety similar to a Valencia orange but different enough to be its own variety. Comes off of slower growing trees but a larger piece virtually seedless.  Midnights are easier to peel and is medium in size and frequently oblong in shape.  Overall excellent flavor, and a very juicy orange",California Valencia Oranges,{}
,,,,,,,
78959518,"Wegmans Food You Feel Good About Apples, Gala", Fresh Fruits,$3.49 each,"https://d2d8wwwkmhfcva.cloudfront.net/750x/filters:fill(FFF,true):format(jpg)/d2lnr5mha7bycj.cloudfront.net/product-image/file/large_bfaa74a1-b2f1-46e7-a4f5-e40a1351c5fe.jpeg","Mildly Sweet & Crisp. Best Uses: snacks, salads, baking, applesauce.  Our Food You Feel Good About yellow banner is your shortcut to great-tasting natural foods with no artificial colors, flavors or preservatives. While many factors affect heart disease, diets low in saturated fat and cholesterol may reduce the risk of this disease. Make foods like this, part of your plan for heart healthful eating.","Apples, Coated with Food-Grade Lac-Resin to Maintain Freshness.","{'Calories': ' 80', 'Total Fat': ' 0g', 'Cholesterol': ' 0mg', 'Sodium': ' 0mg', 'Total Carbohydrate': ' 22g', 'Protein': ' 0g'}"
,,,,,,,
79291416,Extra Large Mangos, Fresh Fruits,$1.79 each,"https://d2d8wwwkmhfcva.cloudfront.net/750x/filters:fill(FFF,true):format(jpg)/d2lnr5mha7bycj.cloudfront.net/product-image/file/large_4590a36b-adc2-4974-a4ac-1c9ebed3f9a7.jpeg","One of the most commonly eaten fruits in the world (along with bananas). The flavor is a combination of peach and pineapple (sometimes called the ""tropical peach""). Selection: Peel color does not indicate ripeness. A ripe mango will have a sweet aroma and be slightly soft to the touch, like an avocado or peach.",NA,"{'Calories': ' 80', 'Total Fat': ' 0g', 'Cholesterol': ' 0mg', 'Sodium': ' 0mg', 'Total Carbohydrate': ' 22g', 'Protein': ' 0g'}"
,,,,,,,
78964754,Broccoli Crowns, Fresh Vegetables,$1.79 each,"https://d2d8wwwkmhfcva.cloudfront.net/750x/filters:fill(FFF,true):format(jpg)/d2lnr5mha7bycj.cloudfront.net/product-image/file/large_4f60ec2a-77e3-45bf-9b9b-3150ccb331d4.jpeg","Convenient, versatile, ready-to-use",NA,{}
,,,,,,,
173238038,Red Bell Pepper, Fresh Vegetables,$2.09 each,"https://d2d8wwwkmhfcva.cloudfront.net/750x/filters:fill(FFF,true):format(jpg)/d2lnr5mha7bycj.cloudfront.net/product-image/file/large_4325f0e7-d0f4-4940-9620-9a5defa74b4f.jpeg",Sweet and milder than green peppers,NA,{}
,,,,,,,
79020346,Cucumber, Fresh Vegetables,$0.79 each,"https://d2d8wwwkmhfcva.cloudfront.net/750x/filters:fill(FFF,true):format(jpg)/d2lnr5mha7bycj.cloudfront.net/product-image/file/large_a67b8b2a-0f3a-4645-926a-162a9a9c7269.jpeg","Choose firm, well-shaped cucumbers with dark green color, heavy for size.",NA,{}
,,,,,,,
78963722,Asparagus, Fresh Vegetables,$3.49 each,"https://d2d8wwwkmhfcva.cloudfront.net/750x/filters:fill(FFF,true):format(jpg)/d2lnr5mha7bycj.cloudfront.net/product-image/file/large_cdcee6e8-5f11-45e3-9597-1276847f3595.jpeg","This popular veggie is fat-, sodium- and cholesterol-free; a good source of vitamin C, and high in folate.  Selection:  Choose spears with closed, compact tips.  Storage:  Refrigerate unwashed, in a plastic bag, up to 4 days.",NA,{}
,,,,,,,
104360380,Zucchini Squash, Fresh Vegetables,$1.17 each,"https://d2d8wwwkmhfcva.cloudfront.net/750x/filters:fill(FFF,true):format(jpg)/d2lnr5mha7bycj.cloudfront.net/product-image/file/large_b8dc27c9-113e-47df-8afb-ccbee19c1727.jpeg","This green squash is a versatile, delicious addition to many recipes",NA,{}
,,,,,,,
79020243,Cauliflower, Fresh Vegetables,$3.49 each,"https://d2d8wwwkmhfcva.cloudfront.net/750x/filters:fill(FFF,true):format(jpg)/d2lnr5mha7bycj.cloudfront.net/product-image/file/large_0acddb6a-625d-435d-8ebf-8f7c1da919ff.jpeg",Cauliflower is composed of bunches of tiny creamy white florets on cluster of stalks of the same color.,"Pork, Beef, Water, Non Fat Dry Milk, Salt, Garlic, Spices, Dextrose, Monosodium Glutamate, Sodium Nitrite.","{'Calories': ' 180', 'Total Fat': ' 16g', 'Cholesterol': ' 40mg', 'Sodium': ' 500mg', 'Total Carbohydrate': ' 0g', 'Protein': ' 8g'}"
,,,,,,,
107244004,Wegmans Food You Feel Good About Grape Tomatoes, Fresh Vegetables,$2.69 each,"https://d2d8wwwkmhfcva.cloudfront.net/750x/filters:fill(FFF,true):format(jpg)/d2lnr5mha7bycj.cloudfront.net/product-image/file/large_1ed7b1b9-b880-45fe-9527-29b85dfee275.jpeg","Product of USA.  Our Food You Feel Good About yellow banner is your shortcut to great-tasting products with no artificial colors, flavors, or preservatives.",NA,"{'Calories': ' 180', 'Total Fat': ' 16g', 'Cholesterol': ' 40mg', 'Sodium': ' 500mg', 'Total Carbohydrate': ' 0g', 'Protein': ' 8g'}"
,,,,,,,
107240478,Tomato, Fresh Vegetables,$1.15 each,"https://d2d8wwwkmhfcva.cloudfront.net/750x/filters:fill(FFF,true):format(jpg)/d2lnr5mha7bycj.cloudfront.net/product-image/file/large_07cee059-f9e7-44da-85b6-c40a9cc48ccc.jpeg","Selection:  Ripe tomatoes should be uniform in color, plump and give slightly to the touch.Storage:  Store at room temperature.  When fully ripened, use within 2 days.  It's okay to chill briefly right before serving but do not refrigerate for longer storage.  Cooler temperatures reduce flavor and can make tomatoes mealy.",NA,"{'Calories': ' 180', 'Total Fat': ' 16g', 'Cholesterol': ' 40mg', 'Sodium': ' 500mg', 'Total Carbohydrate': ' 0g', 'Protein': ' 8g'}"
,,,,,,,
79948650,Vidalia Onion, Fresh Vegetables,$1.20 each,"https://d2d8wwwkmhfcva.cloudfront.net/750x/filters:fill(FFF,true):format(jpg)/d2lnr5mha7bycj.cloudfront.net/product-image/file/large_85aa1a67-8d76-44fd-877d-3a0a8b73a94c.jpeg",NA,NA,"{'Calories': ' 180', 'Total Fat': ' 16g', 'Cholesterol': ' 40mg', 'Sodium': ' 500mg', 'Total Carbohydrate': ' 0g', 'Protein': ' 8g'}"
,,,,,,,
111528940,Yellow Bell Pepper, Fresh Vegetables,$1.81 each,"https://d2d8wwwkmhfcva.cloudfront.net/750x/filters:fill(FFF,true):format(jpg)/d2lnr5mha7bycj.cloudfront.net/product-image/file/large_af42c2a6-ac57-4112-a282-1befb5cb1b61.jpeg",Mildest flavor of all bell peppers,NA,"{'Calories': ' 180', 'Total Fat': ' 16g', 'Cholesterol': ' 40mg', 'Sodium': ' 500mg', 'Total Carbohydrate': ' 0g', 'Protein': ' 8g'}"
,,,,,,,
79020622,Sweet Potato (Yam), Fresh Vegetables,$2.11 each,"https://d2d8wwwkmhfcva.cloudfront.net/750x/filters:fill(FFF,true):format(jpg)/d2lnr5mha7bycj.cloudfront.net/product-image/file/large_55c153ee-55cf-4516-ad13-6c9cc698a582.jpeg",Not as sweet as darker-skinned yams,NA,"{'Calories': ' 180', 'Total Fat': ' 16g', 'Cholesterol': ' 40mg', 'Sodium': ' 500mg', 'Total Carbohydrate': ' 0g', 'Protein': ' 8g'}"
,,,,,,,
78960254,Wegmans Lettuce Romaine Hearts, Fresh Vegetables,$2.89 each,"https://d2d8wwwkmhfcva.cloudfront.net/750x/filters:fill(FFF,true):format(jpg)/d2lnr5mha7bycj.cloudfront.net/product-image/file/large_8ea94622-97e8-4254-bae8-c83cb6bebc4f.jpeg","All natural. Resealable bag. Crisp and flavorful, Romaine Hearts add crunch and flavor to mixed green salads. Or try them on their own and pour on your favorite dressing. Our Romaine Hearts are Food You Feel Good About. Why? Because they're healthy, free of preservatives and taste great!",Romaine Lettuce.,"{'Calories': ' 10', 'Total Fat': ' 0g', 'Cholesterol': ' 0mg', 'Sodium': ' 0mg', 'Total Carbohydrate': ' 2g', 'Protein': ' 1g'}"
,,,,,,,
79020894,Fresh Green Beans, Fresh Vegetables,$2.29 each,"https://d2d8wwwkmhfcva.cloudfront.net/750x/filters:fill(FFF,true):format(jpg)/d2lnr5mha7bycj.cloudfront.net/product-image/file/large_11fa1c2d-7b4a-4235-bccb-551e91033b55.jpeg",NA,NA,"{'Calories': ' 10', 'Total Fat': ' 0g', 'Cholesterol': ' 0mg', 'Sodium': ' 0mg', 'Total Carbohydrate': ' 2g', 'Protein': ' 1g'}"
,,,,,,,
107294505,Green Onions (Scallions), Fresh Vegetables,$1.19 each,"https://d2d8wwwkmhfcva.cloudfront.net/750x/filters:fill(FFF,true):format(jpg)/d2lnr5mha7bycj.cloudfront.net/product-image/file/large_2f9eb59a-a10f-418c-98a0-bb59f9b97d69.jpeg","Fat free; saturated fat free; very low sodium; cholesterol free; low-calorie. The vegetable has a white base that has not fully developed into an onion bulb and green leaves that are long and straight. Both white and green parts are edible.  Scallions have a milder flavor than most onions. Selection: Choose stalks with fresh, green tops and slightly white ends.Storage:  Refrigerate, unwashed, in a plastic bag for up to 1 week.Uses & Preparation:  Rinse and pat dry.  Trim root ends.  Strip off and discard wilted outer leaves.",NA,"{'Calories': ' 10', 'Total Fat': ' 0g', 'Cholesterol': ' 0mg', 'Sodium': ' 0mg', 'Total Carbohydrate': ' 2g', 'Protein': ' 1g'}"
,,,,,,,
87469809,"Tasteful Selections Sunburst Blend, Nibbles", Fresh Vegetables,$3.49 each,"https://d2d8wwwkmhfcva.cloudfront.net/750x/filters:fill(FFF,true):format(jpg)/d2lnr5mha7bycj.cloudfront.net/product-image/file/large_becbf03f-b3b4-4f94-8e89-b02685c0a9e3.jpeg","Field to fork fresh in every bite. Sunburst bend nibbles. We appreciate your feedback@rpespud.com. For Nutritional information, food pairing ideas and recipes please visit:tastefulselections.com/nutrition.",NA,"{'Calories': ' 10', 'Total Fat': ' 0g', 'Cholesterol': ' 0mg', 'Sodium': ' 0mg', 'Total Carbohydrate': ' 2g', 'Protein': ' 1g'}"
,,,,,,,
79263219,"Wegmans Fresh Cut Veggies Bi Color Corn, 5 Ct", Fresh Vegetables,$5.79 each,"https://d2d8wwwkmhfcva.cloudfront.net/750x/filters:fill(FFF,true):format(jpg)/d2lnr5mha7bycj.cloudfront.net/product-image/file/large_14e4239e-cc77-4c98-ab50-f45815a9d610.jpeg",Wash Before Use Product of USA OR CANADA,NA,"{'Calories': ' 10', 'Total Fat': ' 0g', 'Cholesterol': ' 0mg', 'Sodium': ' 0mg', 'Total Carbohydrate': ' 2g', 'Protein': ' 1g'}"
,,,,,,,
78957603,Wegmans Food You Feel Good About Whole Baby Bella Mushrooms, Fresh Vegetables,$2.89 each,"https://d2d8wwwkmhfcva.cloudfront.net/750x/filters:fill(FFF,true):format(jpg)/d2lnr5mha7bycj.cloudfront.net/product-image/file/large_3248dbae-2205-428e-8a8d-fa964142e6d8.jpeg","Product of USA.  Our Food You Feel Good About yellow banner is your shortcut to great-tasting products with no artificial colors, flavors, or preservatives.",NA,"{'Calories': ' 10', 'Total Fat': ' 0g', 'Cholesterol': ' 0mg', 'Sodium': ' 0mg', 'Total Carbohydrate': ' 2g', 'Protein': ' 1g'}"
,,,,,,,
79091663,Red Onion, Fresh Vegetables,$1.60 each,"https://d2d8wwwkmhfcva.cloudfront.net/750x/filters:fill(FFF,true):format(jpg)/d2lnr5mha7bycj.cloudfront.net/product-image/file/large_bd1c5ce1-d7a4-4aff-83f1-3ec11f0a7b04.jpeg",All natural. Country of origin: USA.,NA,"{'Calories': ' 10', 'Total Fat': ' 0g', 'Cholesterol': ' 0mg', 'Sodium': ' 0mg', 'Total Carbohydrate': ' 2g', 'Protein': ' 1g'}"
,,,,,,,
78957616,Brussels Sprouts, Fresh Vegetables,$4.64 each,"https://d2d8wwwkmhfcva.cloudfront.net/750x/filters:fill(FFF,true):format(jpg)/d2lnr5mha7bycj.cloudfront.net/product-image/file/large_5fde4f12-634b-4746-a9c3-6d1b5fb9b21a.jpeg","Especially sweet when roasted; cabbage-like flavor, tender texture",NA,"{'Calories': ' 40', 'Total Fat': ' 0g', 'Cholesterol': ' 0mg', 'Sodium': ' 25mg', 'Total Carbohydrate': ' 6g', 'Protein': ' 2g'}"
,,,,,,,
103102191,Sunset Organic English Seedless Cucumber, Fresh Vegetables,$2.29 each,"https://d2d8wwwkmhfcva.cloudfront.net/750x/filters:fill(FFF,true):format(jpg)/d2lnr5mha7bycj.cloudfront.net/product-image/file/large_bd69dade-2571-4a90-a552-da37b5738f2d.jpeg","Cool and moist due to their high water content.  Selection:  Look for firm cucumbers with rich green color and no soft spots.  Storage:  Refrigerate in the crisper up to one week.  Wrap cut cucumbers tightly in plastic.  Uses and Preparation:   Wash; peeling is optional.  Removing seeds is also optional.  To seed, slice in half lengthwise and scrape out with the tip of a teaspoon.",Cucumber.,"{'Calories': ' 40', 'Total Fat': ' 0g', 'Cholesterol': ' 0mg', 'Sodium': ' 25mg', 'Total Carbohydrate': ' 6g', 'Protein': ' 2g'}"
,,,,,,,
413209779,Green Bell Pepper, Fresh Vegetables,$1.15 each,"https://d2d8wwwkmhfcva.cloudfront.net/750x/filters:fill(FFF,true):format(jpg)/d2lnr5mha7bycj.cloudfront.net/product-image/file/large_4d062c17-9270-4516-97e4-4bf635c3130d.jpeg",NA,"Sea Salt, Celery Juice Cheery Powder, Brown & Maple Sugar, Cinnamon, Clove","{'Calories': ' 23', 'Total Fat': ' 0g', 'Cholesterol': ' 0mg', 'Sodium': ' 3mg', 'Total Carbohydrate': ' 5g', 'Protein': ' 1g'}"
,,,,,,,
78957599,Iceberg Lettuce, Fresh Vegetables,$1.19 each,"https://d2d8wwwkmhfcva.cloudfront.net/750x/filters:fill(FFF,true):format(jpg)/d2lnr5mha7bycj.cloudfront.net/product-image/file/large_0b17aa21-1f59-4795-a7fa-ef588b283146.jpeg","Tight heads of crisp, crunchy, pale green leaves with a mild taste. Selection: Look for fresh-looking leaves, bright color for the variety and firm heads. Avoid lettuce with brown tinged leaves.",NA,"{'Calories': ' 23', 'Total Fat': ' 0g', 'Cholesterol': ' 0mg', 'Sodium': ' 3mg', 'Total Carbohydrate': ' 5g', 'Protein': ' 1g'}"
,,,,,,,
79021110,Yellow Zucchini Squash, Fresh Vegetables,$1.10 each,"https://d2d8wwwkmhfcva.cloudfront.net/750x/filters:fill(FFF,true):format(jpg)/d2lnr5mha7bycj.cloudfront.net/product-image/file/large_095e2fb2-e747-4076-b7e2-9ca0e7babe54.jpeg",NA,NA,"{'Calories': ' 23', 'Total Fat': ' 0g', 'Cholesterol': ' 0mg', 'Sodium': ' 3mg', 'Total Carbohydrate': ' 5g', 'Protein': ' 1g'}"
,,,,,,,
79004242,Organic Tomato, Fresh Vegetables,$2.31 each,"https://d2d8wwwkmhfcva.cloudfront.net/750x/filters:fill(FFF,true):format(jpg)/d2lnr5mha7bycj.cloudfront.net/product-image/file/large_a4e73d23-30cb-4cbf-86c0-2201f0a10fa8.jpeg",NA,NA,"{'Calories': ' 23', 'Total Fat': ' 0g', 'Cholesterol': ' 0mg', 'Sodium': ' 3mg', 'Total Carbohydrate': ' 5g', 'Protein': ' 1g'}"
,,,,,,,
78972231,Sunset Organic Organic Food You Feel Good About Mini Cucumbers, Fresh Vegetables,$4.59 each,"https://d2d8wwwkmhfcva.cloudfront.net/750x/filters:fill(FFF,true):format(jpg)/d2lnr5mha7bycj.cloudfront.net/product-image/file/large_db19ab81-bba2-4e56-920f-d5b198f1000b.jpeg",USDA Organic. 6 count.,NA,"{'Calories': ' 23', 'Total Fat': ' 0g', 'Cholesterol': ' 0mg', 'Sodium': ' 3mg', 'Total Carbohydrate': ' 5g', 'Protein': ' 1g'}"
,,,,,,,
79021545,Yam, Fresh Vegetables,$0.35 each,"https://d2d8wwwkmhfcva.cloudfront.net/750x/filters:fill(FFF,true):format(jpg)/d2lnr5mha7bycj.cloudfront.net/product-image/file/large_01bded51-4c02-49dd-8664-64de61716b89.jpeg","Very sweet, vivid orange flesh.  Loaded with Vitamin A; delicious roasted with poultry and meats.",NA,"{'Calories': ' 23', 'Total Fat': ' 0g', 'Cholesterol': ' 0mg', 'Sodium': ' 3mg', 'Total Carbohydrate': ' 5g', 'Protein': ' 1g'}"
,,,,,,,
111531338,Jalapeno Pepper, Fresh Vegetables,$0.32 each,"https://d2d8wwwkmhfcva.cloudfront.net/750x/filters:fill(FFF,true):format(jpg)/d2lnr5mha7bycj.cloudfront.net/product-image/file/large_cc10f384-0623-4923-9905-17a0b76dab7a.jpeg","Extremely hot, use sparingly and handle with gloves when prepping",NA,"{'Calories': ' 23', 'Total Fat': ' 0g', 'Cholesterol': ' 0mg', 'Sodium': ' 3mg', 'Total Carbohydrate': ' 5g', 'Protein': ' 1g'}"
,,,,,,,
130992006,Fresh Picked Michigan Celery Fresh Celery, Fresh Vegetables,$1.19 each,"https://d2d8wwwkmhfcva.cloudfront.net/750x/filters:fill(FFF,true):format(jpg)/d2lnr5mha7bycj.cloudfront.net/product-image/file/large_864254e8-d4ad-43e2-8526-ab22c0b8ddd0.jpeg","Selection:  Ribs should feel firm and crisp; leaves green and fresh looking.  Storage:  Refrigerate in a plastic bag, in the crisper, up to 2 weeks.",NA,"{'Calories': ' 20', 'Total Fat': ' 0g', 'Cholesterol': ' 0mg', 'Sodium': ' 140mg', 'Total Carbohydrate': ' 4g', 'Protein': ' 1g'}"
,,,,,,,
282256276,Gourmet Garden™ Chunky Garlic Stir-in Paste, Packaged Vegetables & Fruits,$5.79 each,"https://d2d8wwwkmhfcva.cloudfront.net/750x/filters:fill(FFF,true):format(jpg)/d2lnr5mha7bycj.cloudfront.net/product-image/file/large_9ab02120-71ae-482e-892e-f6261b869005.jpeg","Gourmet Garden Chunky Garlic Stir-in Paste is simply fresh Garlic that has been conveniently washed and coarsely chopped for you, and packed into an easy squeezable tube. Our Garlic is picked when the essential oils are at their peak to maximize the fresh flavor, color and aroma. Garlic can be added at the beginning of your cooking for a sweet base, or at the end of cooking for a more pungent flavor. Ideal for garlic bread, marinades, sauces and more!","Garlic, Non-gm Canola Oil, Sodium Lactate, Whey (milk), Sea Salt, Dextrose, Glycerin, Citric Acid, Sodium Ascorbate To Protect Flavor, Calcium Chloride, Xanthan Gum, Ascorbic Acid To Protect Color.","{'Calories': ' 10', 'Total Fat': ' 0g', 'Sodium': ' 120mg', 'Total Carbohydrate': ' 1g', 'Protein': ' 0g'}"
,,,,,,,
79298404,Gourmet Garden™ Lightly Dried Chili Pepper, Packaged Vegetables & Fruits,$4.59 each,"https://d2d8wwwkmhfcva.cloudfront.net/750x/filters:fill(FFF,true):format(jpg)/d2lnr5mha7bycj.cloudfront.net/product-image/file/large_76e5fd86-dca7-4f46-b74a-420fb18741cb.jpeg","Gourmet Garden Lightly Dried Chili Pepper is simply fresh chili peppers that have been conveniently washed and chopped for you, and packed into a handy click and stack bowl. Our Chili Peppers are picked when the essential oils are at their peak to maximize the fresh flavor, color and aroma. Chili Pepper can be added at the beginning of your cooking to infuse the flavor base throughout the rest of your cooking, or towards the end of your cooking for a sharper flavor. Chili Pepper loves most cuisines, but pairs particularly well with Asian and Mexican dishes.","Organic Chili Pepper, Organic Canola Oil, Sea Salt, Ascorbic Acid To Protect Color.","{'Calories': ' 0', 'Total Fat': ' 0g', 'Sodium': ' 15mg', 'Total Carbohydrate': ' 0g', 'Protein': ' 0g'}"
,,,,,,,
78958919,Wegmans Food You Feel Good About Baby-Cut Carrots, Packaged Vegetables & Fruits,$1.49 each,"https://d2d8wwwkmhfcva.cloudfront.net/750x/filters:fill(FFF,true):format(jpg)/d2lnr5mha7bycj.cloudfront.net/product-image/file/large_956aad45-84b6-4237-bb43-40f986f21527.jpeg","Peeled; ready to eat; no preservatives. Our Food You Feel Good About yellow banner is your shortcut to great-tasting products with no artificial colors, flavors, or preservatives.",Carrots.,"{'Calories': ' 35', 'Total Fat': ' 0g', 'Sodium': ' 65mg', 'Total Carbohydrate': ' 8g', 'Protein': ' 1g', 'Cholesterol': ' 0mg'}"
,,,,,,,
78974459,Wegmans Organic Food You Feel Good About Triple Washed Baby Spinach, Packaged Vegetables & Fruits,$2.89 each,"https://d2d8wwwkmhfcva.cloudfront.net/750x/filters:fill(FFF,true):format(jpg)/d2lnr5mha7bycj.cloudfront.net/product-image/file/large_b07fff12-fcd5-49c5-beb2-cd375a5f5ea5.jpeg","While many factors affect heart disease, diets low in saturated fat and cholesterol may reduce the risk of this disease. Make foods like organic baby spinach, part of your plan for heart healthful eating.",Organic Baby Spinach.,"{'Calories': ' 30', 'Total Fat': ' 0g', 'Sodium': ' 210mg', 'Total Carbohydrate': ' 4g', 'Protein': ' 4g', 'Cholesterol': ' 0mg'}"
,,,,,,,
79008991,Wegmans Food You Feel Good About Fresh Baby Spinach, Packaged Vegetables & Fruits,$1.79 each,"https://d2d8wwwkmhfcva.cloudfront.net/750x/filters:fill(FFF,true):format(jpg)/d2lnr5mha7bycj.cloudfront.net/product-image/file/large_7094475c-31ae-48b2-97ff-49750a4fac8a.jpeg","Washed and Ready to Eat. FYFGA:  Our Food You Feel Good About yellow banner is your shortcut to great-tasting products with no artificial colors, flavors or preservatives. Product of USA. Heart Healthy:  While many factors affect heart disease, diets low in saturated fat and cholesterol may reduce the risk of this disease.  Make foods like this part of your plan for heart healthful eating.",Baby Spinach.,"{'Calories': ' 20', 'Total Fat': ' 0g', 'Sodium': ' 65mg', 'Total Carbohydrate': ' 3g', 'Protein': ' 2g', 'Cholesterol': ' 0mg'}"
,,,,,,,
79012124,"Wegmans Organic Food You Feel Good About Triple Washed Spring Mix, FAMILY PACK", Packaged Vegetables & Fruits,$4.59 each,"https://d2d8wwwkmhfcva.cloudfront.net/750x/filters:fill(FFF,true):format(jpg)/d2lnr5mha7bycj.cloudfront.net/product-image/file/large_e05a72a0-40e1-482b-902f-0f43715147ef.jpeg","Washed and Ready to Eat. USDA ORGANIC. While many factors affect heart disease, diets low in saturated fat and cholesterol may reduce the risk of this disease. Make foods like this part of your plan for heart healthful eating.","Organic Tango, Organic Lolla Rosa, Organic Red Romaine, Organic Green Romaine, Organic Red Oak, Organic Green Oak, Organic Red Chard, Organic Green Chard, Organic Spinach, Organic Mizuna, Organic Radicchio, Organic Frisee, Organic Beet Greens, Organic Arugula, Organic Tatsoi, Organic Red Leaf, Organic Red Mustard, Organic Kale, Organic Collards.","{'Calories': ' 20', 'Total Fat': ' 0g', 'Sodium': ' 95mg', 'Total Carbohydrate': ' 2g', 'Protein': ' 2g', 'Cholesterol': ' 0mg'}"
,,,,,,,
78960224,Wegmans Food You Feel Good About Cleaned and Cut Trimmed Green Beans, Packaged Vegetables & Fruits,$3.49 each,"https://d2d8wwwkmhfcva.cloudfront.net/750x/filters:fill(FFF,true):format(jpg)/d2lnr5mha7bycj.cloudfront.net/product-image/file/large_9a0d04f8-06a7-4102-8496-e6700dfff83f.jpeg","Washed and Ready to Use. Microwave in the Bag. Our Food You Feel Good About yellow banner is your shortcut to great-tasting products with no artificial colors, flavors or preservatives.",Whole Green Beans.,"{'Calories': ' 25', 'Total Fat': ' 0g', 'Sodium': ' 0mg', 'Total Carbohydrate': ' 5g', 'Protein': ' 1g', 'Cholesterol': ' 0mg'}"
,,,,,,,
79011848,"Wegmans Organic Food You Feel Good About Triple Washed Baby Spinach, FAMILY PACK", Packaged Vegetables & Fruits,$4.59 each,"https://d2d8wwwkmhfcva.cloudfront.net/750x/filters:fill(FFF,true):format(jpg)/d2lnr5mha7bycj.cloudfront.net/product-image/file/large_ea3698ad-2448-4f59-84e7-4a2814616ead.jpeg","While many factors affect heart disease, diets low in saturated fat and cholesterol may reduce the risk of this disease. Make foods like Organic Baby Spinach part of your plan for heart healthful eating. Our Food You Feel Good About yellow banner is your shortcut to great-tasting products with no artificial colors, flavors or preservatives.",Organic Baby Spinach.,"{'Calories': ' 20', 'Total Fat': ' 0g', 'Sodium': ' 125mg', 'Total Carbohydrate': ' 2g', 'Protein': ' 2g', 'Cholesterol': ' 0mg'}"
,,,,,,,
78965657,Wegmans Food You Feel Good About Tomato Trio, Packaged Vegetables & Fruits,$4.59 each,"https://d2d8wwwkmhfcva.cloudfront.net/750x/filters:fill(FFF,true):format(jpg)/d2lnr5mha7bycj.cloudfront.net/product-image/file/large_a72bd5a9-01ce-4312-83d4-8a406730c987.jpeg","Product of Mexico.  Our Food You Feel Good About yellow banner is your shortcut to great-tasting products with no artificial colors, flavors, or preservatives.",NA,"{'Calories': ' 20', 'Total Fat': ' 0g', 'Sodium': ' 125mg', 'Total Carbohydrate': ' 2g', 'Protein': ' 2g', 'Cholesterol': ' 0mg'}"
,,,,,,,
78975313,Wegmans Organic Food You Feel Good About Triple Washed Baby Arugula, Packaged Vegetables & Fruits,$2.89 each,"https://d2d8wwwkmhfcva.cloudfront.net/750x/filters:fill(FFF,true):format(jpg)/d2lnr5mha7bycj.cloudfront.net/product-image/file/large_8ec3818b-e97e-49a1-95c7-572c07173334.jpeg","USDA Organic.  Washed and Ready To Eat.  While many factors affect heart disease, diets low in saturated fat and cholesterol may reduce the risk of this disease. Make foods like this part of your plan for heart healthful eating.",Organic Baby Arugula.,"{'Calories': ' 20', 'Total Fat': ' 0g', 'Sodium': ' 25mg', 'Total Carbohydrate': ' 3g', 'Protein': ' 2g', 'Cholesterol': ' 0mg'}"
,,,,,,,
78960254,Wegmans Lettuce Romaine Hearts, Packaged Vegetables & Fruits,$2.89 each,"https://d2d8wwwkmhfcva.cloudfront.net/750x/filters:fill(FFF,true):format(jpg)/d2lnr5mha7bycj.cloudfront.net/product-image/file/large_8ea94622-97e8-4254-bae8-c83cb6bebc4f.jpeg","All natural. Resealable bag. Crisp and flavorful, Romaine Hearts add crunch and flavor to mixed green salads. Or try them on their own and pour on your favorite dressing. Our Romaine Hearts are Food You Feel Good About. Why? Because they're healthy, free of preservatives and taste great!",Romaine Lettuce.,"{'Calories': ' 10', 'Total Fat': ' 0g', 'Sodium': ' 0mg', 'Total Carbohydrate': ' 2g', 'Protein': ' 1g', 'Cholesterol': ' 0mg'}"
,,,,,,,
104097767,"Food You Feel Good About Flavorful Medley Snacking Tomatoes,  FAMILY PACK", Packaged Vegetables & Fruits,$6.89 each,"https://d2d8wwwkmhfcva.cloudfront.net/750x/filters:fill(FFF,true):format(jpg)/d2lnr5mha7bycj.cloudfront.net/product-image/file/large_e0ad1782-41b3-4df8-b7c8-6340e29ac14e.jpeg",NA,NA,"{'Calories': ' 10', 'Total Fat': ' 0g', 'Sodium': ' 0mg', 'Total Carbohydrate': ' 2g', 'Protein': ' 1g', 'Cholesterol': ' 0mg'}"
,,,,,,,
78957417,Wegmans Organic Food You Feel Good About Baby-Cut Carrots, Packaged Vegetables & Fruits,$1.89 each,"https://d2d8wwwkmhfcva.cloudfront.net/750x/filters:fill(FFF,true):format(jpg)/d2lnr5mha7bycj.cloudfront.net/product-image/file/large_00db25ee-95e3-42c7-80d5-d87d5c130627.jpeg","Washed and Ready to Eat. Baby cut carrots. Heart healthy. While many factors affect heart disease, diets low in saturated fat and cholesterol may reduce the risk of this disease. Make foods like Organic Baby-Cut Carrots, part of your plan for heart healthful eating. USDA organic. Certified organic by QAI. Product of USA.",Organic Carrots.,"{'Calories': ' 35', 'Total Fat': ' 0g', 'Sodium': ' 65mg', 'Total Carbohydrate': ' 8g', 'Protein': ' 1g', 'Cholesterol': ' 0mg'}"
,,,,,,,
78961059,Wegmans Food You Feel Good About Cleaned and Cut Broccoli Florets, Packaged Vegetables & Fruits,$2.89 each,"https://d2d8wwwkmhfcva.cloudfront.net/750x/filters:fill(FFF,true):format(jpg)/d2lnr5mha7bycj.cloudfront.net/product-image/file/large_cd08d28d-0b16-4d15-ac69-8f38b902fcbd.jpeg","Heart healthy. While many factors affect heart disease, diets low in saturated fat and cholesterol may reduce the risk of this disease. Make foods like broccoli florets part of your plan for heart healthful eating. Microwave right in the bag.  Time Saving: Not only are they washed and trimmed, but what an easy - and flavorful - way to add vitamins to your diet. And you can simply microwave them in the bag - no dishes to wash! Our Food You Feel Good About yellow banner is your shortcut to great-tasting, natural foods with no artificial colors, flavors or preservatives.",Broccoli.,"{'Calories': ' 30', 'Total Fat': ' 0g', 'Sodium': ' 25mg', 'Total Carbohydrate': ' 4g', 'Protein': ' 3g', 'Cholesterol': ' 0mg'}"
,,,,,,,
78988121,Wegmans Food You Feel Good About Special Blends Sweet Kale Chopped Salad Kit, Packaged Vegetables & Fruits,$4.29 each,"https://d2d8wwwkmhfcva.cloudfront.net/750x/filters:fill(FFF,true):format(jpg)/d2lnr5mha7bycj.cloudfront.net/product-image/file/large_37c717a8-b762-42b3-b366-9caea3f7b377.jpeg","Includes Broccoli, Green Cabbage, Kale, Brussels Sprouts, Radicchio, Sunflower Kernels and Orange Flavored Cranberries with Wegmans Organic Coleslaw Dressing. Our Food You Feel Good About yellow banner is your shortcut to great-tasting products with no artificial colors, flavors or preservatives.",NA,"{'Calories': ' 30', 'Total Fat': ' 0g', 'Sodium': ' 25mg', 'Total Carbohydrate': ' 4g', 'Protein': ' 3g', 'Cholesterol': ' 0mg'}"
,,,,,,,
78974625,Wegmans Organic Food You Feel Good About Triple Washed Spring Mix, Packaged Vegetables & Fruits,$2.89 each,"https://d2d8wwwkmhfcva.cloudfront.net/750x/filters:fill(FFF,true):format(jpg)/d2lnr5mha7bycj.cloudfront.net/product-image/file/large_dbd177f1-5ed5-4e5c-9409-54c30fdba628.jpeg","Washed and Ready to Eat.Heart healthy. While many factors affect heart disease, diets low in saturated fat and cholesterol may reduce the risk of this disease. Make foods like this part of your plan for heart healthful eating. USDA organic.","Organic Tango, Organic Lolla Rosa, Organic Red Romaine, Organic Green Romaine, Organic Red Oak, Organic Green Oak, Organic Red Chard, Organic Green Chard, Organic Spinach, Organic Mizuna, Organic Radicchio, Organic Frisee, Organic Beet Greens, Organic Arugula, Organic Tatsoi, Organic Red Leaf, Organic Red Mustard, Organic Kale, Organic Collards.","{'Calories': ' 35', 'Total Fat': ' 0g', 'Sodium': ' 160mg', 'Total Carbohydrate': ' 4g', 'Protein': ' 3g', 'Cholesterol': ' 0mg'}"
,,,,,,,
78962286,Wegmans Food You Feel Good About Fresh Triple Washed Butter Lettuce, Packaged Vegetables & Fruits,$2.29 each,"https://d2d8wwwkmhfcva.cloudfront.net/750x/filters:fill(FFF,true):format(jpg)/d2lnr5mha7bycj.cloudfront.net/product-image/file/large_b7488b84-84b9-4a2b-8dbe-92b4d6a4cb9e.jpeg","Washed and Ready to Eat.FYFGA:  Our Food You Feel Good About yellow banner is your shortcut to great-tasting products with no artificial colors, flavors or preservatives. Heart Healthy:  While many factors affect heart disease, diets low in saturated fat and cholesterol may reduce the risk of this disease.  Make foods like this part of your plan for heart healthful eating.",Lettuce.,"{'Calories': ' 20', 'Total Fat': ' 0g', 'Sodium': ' 10mg', 'Total Carbohydrate': ' 4g', 'Protein': ' 2g', 'Cholesterol': ' 0mg'}"
,,,,,,,
78972461,Bag Mixed Pepper, Packaged Vegetables & Fruits,$6.39 each,"https://d2d8wwwkmhfcva.cloudfront.net/750x/filters:fill(FFF,true):format(jpg)/d2lnr5mha7bycj.cloudfront.net/product-image/file/large_a4d14a0b-b572-47f0-9082-910ec76776f5.jpeg","Product of Mexico.  Our Food You Feel Good About yellow banner is your shortcut to great-tasting products with no artificial colors, flavors, or preservatives.",NA,"{'Calories': ' 20', 'Total Fat': ' 0g', 'Sodium': ' 10mg', 'Total Carbohydrate': ' 4g', 'Protein': ' 2g', 'Cholesterol': ' 0mg'}"
,,,,,,,
78976363,"Wegmans Organic Food You Feel Good About Super Greens (Kale, Spinach, & Chard)", Packaged Vegetables & Fruits,$2.89 each,"https://d2d8wwwkmhfcva.cloudfront.net/750x/filters:fill(FFF,true):format(jpg)/d2lnr5mha7bycj.cloudfront.net/product-image/file/large_855b3fac-40ff-41b9-a4a8-6f0f5f6939d4.jpeg","Heart Healthy: While many factors affect heart disease, diets low in saturated fat and cholesterol may reduce the risk of this disease. Make foods like this, part of your plan for heart healthful eating. USDA Organic. Certified Organic by QAI. A great source of vitamins A, C, & K. Triple washed. Chosen with care - Our Food You Feel Good About yellow banner is your shortcut to great-tasting products with no artificial colors, flavors or preservatives. When you see ""organic"" above the banner you'll know it has also been produced in compliance with USDA organic standards. We only offer products we love - and we hope you'll love them too. If not, we'll give you your money back - The Wegmans Family.","Organic Kale, Organic Spinach, Organic Green Chard, Organic Red Chard.","{'Calories': ' 50', 'Total Fat': ' 1g', 'Sodium': ' 130mg', 'Total Carbohydrate': ' 9g', 'Protein': ' 5g', 'Cholesterol': ' 0mg'}"
,,,,,,,
78961443,Wegmans Food You Feel Good About Cleaned and Cut Triple Washed Sugar Snap Peas, Packaged Vegetables & Fruits,$2.89 each,"https://d2d8wwwkmhfcva.cloudfront.net/750x/filters:fill(FFF,true):format(jpg)/d2lnr5mha7bycj.cloudfront.net/product-image/file/large_988d140a-859d-45fb-9520-1dc03f7f8055.jpeg","Washed and Ready To Eat.  Microwave in the Bag.  While many factors affect heart disease, diets low in saturated fat and cholesterol may reduce the risk of this disease. Make foods like this part of your plan for heart healthful eating. Our Food You Feel Good About yellow banner is your shortcut to great-tasting products with no artificial colors, flavors or preservatives.",Sugar Snap Peas.,"{'Calories': ' 40', 'Total Fat': ' 0g', 'Sodium': ' 10mg', 'Total Carbohydrate': ' 7g', 'Protein': ' 2g', 'Cholesterol': ' 0mg'}"
,,,,,,,
79255797,Cal Organic Farms Organic Rainbow Baby Carrots, Packaged Vegetables & Fruits,$1.89 each,"https://d2d8wwwkmhfcva.cloudfront.net/750x/filters:fill(FFF,true):format(jpg)/d2lnr5mha7bycj.cloudfront.net/product-image/file/large_a58a3fc6-6192-4a08-b247-98870422b23a.jpeg","Cut & peeled. Healthy by choice. Since 1984. Certified organic. Washed & ready to eat. USDA organic. Grown/packed/distributed by Cal-Organic Farms. Certified organic by California Certified Organic Farmers (CCOF). For more information and recipe ideas, visit our website at www.calorganicfarms.com or call 1-800-301-3101. CCOF - California Certified Organic Farmers. A family of growing companies. Produce of USA.",Organic Carrots,"{'Calories': ' 40', 'Total Fat': ' 0g', 'Sodium': ' 10mg', 'Total Carbohydrate': ' 7g', 'Protein': ' 2g', 'Cholesterol': ' 0mg'}"
,,,,,,,
123582526,Organic Green Seedless Grapes Package, Packaged Vegetables & Fruits,$8.09 each,"https://d2d8wwwkmhfcva.cloudfront.net/750x/filters:fill(FFF,true):format(jpg)/d2lnr5mha7bycj.cloudfront.net/product-image/file/large_7c0de0d7-8ff6-4f4d-84cf-cc94454aeee3.jpeg",USDA Organic.,Organic Green Seedless Grapes.,"{'Calories': ' 40', 'Total Fat': ' 0g', 'Sodium': ' 10mg', 'Total Carbohydrate': ' 7g', 'Protein': ' 2g', 'Cholesterol': ' 0mg'}"
,,,,,,,
78991664,Wegmans 3pk Mixed Pepper, Packaged Vegetables & Fruits,$4.59 each,"https://d2d8wwwkmhfcva.cloudfront.net/750x/filters:fill(FFF,true):format(jpg)/d2lnr5mha7bycj.cloudfront.net/product-image/file/large_b04f3254-640b-4607-9013-d93bc7cb5e74.jpeg",NA,Peppers.,"{'Calories': ' 40', 'Total Fat': ' 0g', 'Sodium': ' 10mg', 'Total Carbohydrate': ' 7g', 'Protein': ' 2g', 'Cholesterol': ' 0mg'}"
,,,,,,,
79116282,Gourmet Garden™ Ginger Stir-in Paste, Fresh Herbs,$5.79 each,"https://d2d8wwwkmhfcva.cloudfront.net/750x/filters:fill(FFF,true):format(jpg)/d2lnr5mha7bycj.cloudfront.net/product-image/file/large_8a6c79a2-cab5-4ce2-aa69-cf40391434a5.jpeg","Gourmet Garden Ginger Stir-in Paste is simply fresh Ginger that has been conveniently washed and chopped for you, and packed into an easy squeezable tube. Our ginger is picked when the essential oils are at their peak to maximize the fresh flavor, color and aroma. Ginger can be used as a base for sweet or savory dishes, and should generally be added at the beginning of cooking. It's ideal in Asian dishes, sauces, soups, cookies & tea!","Fresh Ginger, Dextrose, Glycerin, Fructose, Sea Salt, Sodium Ascorbate (to Protect Flavor), Citric Acid, Xanthan Gum.","{'Calories': ' 5', 'Total Fat': ' 0g', 'Cholesterol': ' 0mg', 'Sodium': ' 35mg', 'Total Carbohydrate': ' 1g', 'Protein': ' 0g'}"
,,,,,,,
79298150,Gourmet Garden™ Lightly Dried Parsley, Fresh Herbs,$4.59 each,"https://d2d8wwwkmhfcva.cloudfront.net/750x/filters:fill(FFF,true):format(jpg)/d2lnr5mha7bycj.cloudfront.net/product-image/file/large_9adad43d-ac64-4e75-8d81-bbb9f9fb2274.jpeg","Gourmet Garden Lightly Dried Parsley is simply fresh parsley that has been conveniently washed and chopped for you, and packed into a handy click and stack bowl. Our parsley is picked when the essential oils are at their peak to maximize the fresh flavor, color and aroma. Parsley is best added at the end of your cooking and is ideal in Mediterranean dishes: pasta, dressings, soups and chicken.","Organic Parsley, Organic Canola Oil, Sea Salt, Ascorbic Acid To Protect Color.","{'Calories': ' 0', 'Total Fat': ' 0g', 'Cholesterol': ' 0mg', 'Sodium': ' 10mg', 'Total Carbohydrate': ' 0g', 'Protein': ' 0g'}"
,,,,,,,
79297975,Gourmet Garden™ Lightly Dried Cilantro, Fresh Herbs,$4.59 each,"https://d2d8wwwkmhfcva.cloudfront.net/750x/filters:fill(FFF,true):format(jpg)/d2lnr5mha7bycj.cloudfront.net/product-image/file/large_6d531669-4ca2-4113-ac70-3fec11826ff2.jpeg","Gourmet Garden Lightly Dried Cilantro is simply fresh cilantro that has been conveniently washed and chopped for you, and packed into a handy click and stack bowl. Our Cilantro is picked when the essential oils are at their peak to maximize the fresh flavor, color and aroma. Cilantro is best added at the end of your cooking and is ideal in Mexican dishes: salad, tacos, rice & salsas.","Organic Cilantro, Organic Canola Oil, Sea Salt, Ascorbic Acid To Protect Color.","{'Calories': ' 0', 'Total Fat': ' 0g', 'Cholesterol': ' 0mg', 'Sodium': ' 15mg', 'Total Carbohydrate': ' 0g', 'Protein': ' 0g'}"
,,,,,,,
664548480,Gourmet Garden™ Lightly Dried Basil, Fresh Herbs,$4.59 each,"https://d2d8wwwkmhfcva.cloudfront.net/750x/filters:fill(FFF,true):format(jpg)/d2lnr5mha7bycj.cloudfront.net/product-image/file/large_af419d8b-46e6-4f54-8d9e-8ad414b13204.jpeg","Gourmet Garden Lightly Dried Basil is simply fresh basil that has been conveniently washed and chopped for you, and packed into a handy click and stack bowl. Our Basil is picked when the essential oils are at their peak to maximize the fresh flavor, color and aroma. Basil is best added at the end of your cooking and pairs perfectly with beef, bell peppers, chicken, eggs, salads, onion, pasta, tomatoes & zucchini. Keep refrigerated.","Basil, Canola Oil, Sea Salt, Ascorbic Acid To Protect Color.","{'Calories': ' 0', 'Total Fat': ' 0g', 'Cholesterol': ' 0mg', 'Sodium': ' 15mg', 'Total Carbohydrate': ' 0g', 'Protein': ' 0g'}"
,,,,,,,
78987708,Garlic, Fresh Herbs,$0.73 each,"https://d2d8wwwkmhfcva.cloudfront.net/750x/filters:fill(FFF,true):format(jpg)/d2lnr5mha7bycj.cloudfront.net/product-image/file/large_d071223f-08cc-4e2b-9375-25cfad8e5a27.jpeg",NA,NA,"{'Calories': ' 0', 'Total Fat': ' 0g', 'Cholesterol': ' 0mg', 'Sodium': ' 15mg', 'Total Carbohydrate': ' 0g', 'Protein': ' 0g'}"
,,,,,,,
87035389,Cilantro, Fresh Herbs,$1.19 each,"https://d2d8wwwkmhfcva.cloudfront.net/750x/filters:fill(FFF,true):format(jpg)/d2lnr5mha7bycj.cloudfront.net/product-image/file/large_17c8f6ca-3ebc-4189-955a-08acb780b07b.jpeg","Distinctive, pungent flavor",NA,"{'Calories': ' 0', 'Total Fat': ' 0g', 'Cholesterol': ' 0mg', 'Sodium': ' 15mg', 'Total Carbohydrate': ' 0g', 'Protein': ' 0g'}"
,,,,,,,
79021021,Ginger Root, Fresh Herbs,$1.08 each,"https://d2d8wwwkmhfcva.cloudfront.net/750x/filters:fill(FFF,true):format(jpg)/d2lnr5mha7bycj.cloudfront.net/product-image/file/large_d9d04588-b017-4e99-89f1-575335c0b395.jpeg","Pungent, spicy aroma; slightly sweet flavor",NA,"{'Calories': ' 0', 'Total Fat': ' 0g', 'Cholesterol': ' 0mg', 'Sodium': ' 15mg', 'Total Carbohydrate': ' 0g', 'Protein': ' 0g'}"
,,,,,,,
111526840,Wegmans Food You Feel Good About Mint, Fresh Herbs,$1.49 each,"https://d2d8wwwkmhfcva.cloudfront.net/750x/filters:fill(FFF,true):format(jpg)/d2lnr5mha7bycj.cloudfront.net/product-image/file/large_7dc77dc4-1247-485b-8a50-c6f674b3ee14.jpeg","Our Food You Feel Good About yellow banner is your shortcut to great-tasting products with no artificial colors, flavors, or preservatives.",NA,"{'Calories': ' 0', 'Total Fat': ' 0g', 'Cholesterol': ' 0mg', 'Sodium': ' 15mg', 'Total Carbohydrate': ' 0g', 'Protein': ' 0g'}"
,,,,,,,
78958237,Mint, Fresh Herbs,$2.29 each,"https://d2d8wwwkmhfcva.cloudfront.net/750x/filters:fill(FFF,true):format(jpg)/d2lnr5mha7bycj.cloudfront.net/product-image/file/large_882b1da8-dfbd-48a6-a093-0bab1ab31918.jpeg",Sweet and fragrant,NA,"{'Calories': ' 0', 'Total Fat': ' 0g', 'Cholesterol': ' 0mg', 'Sodium': ' 15mg', 'Total Carbohydrate': ' 0g', 'Protein': ' 0g'}"
,,,,,,,
78958445,Wegmans Food You Feel Good About Rosemary, Fresh Herbs,$1.49 each,"https://d2d8wwwkmhfcva.cloudfront.net/750x/filters:fill(FFF,true):format(jpg)/d2lnr5mha7bycj.cloudfront.net/product-image/file/large_edfc6946-cca5-48ef-9a68-182580662331.jpeg","Our Food You Feel Good About yellow banner is your shortcut to great-tasting products with no artificial colors, flavors, or preservatives.",NA,"{'Calories': ' 0', 'Total Fat': ' 0g', 'Cholesterol': ' 0mg', 'Sodium': ' 15mg', 'Total Carbohydrate': ' 0g', 'Protein': ' 0g'}"
,,,,,,,
78958359,Organic Cilantro, Fresh Herbs,$1.79 each,"https://d2d8wwwkmhfcva.cloudfront.net/750x/filters:fill(FFF,true):format(jpg)/d2lnr5mha7bycj.cloudfront.net/product-image/file/large_d66dcc87-ecb8-46ad-a5ba-392f2675c3e2.jpeg",Organically grown with pride and integrity. Healthy by choice. Organically grown in accordance with the California Foods Act of 1990.,NA,"{'Calories': ' 0', 'Total Fat': ' 0g', 'Cholesterol': ' 0mg', 'Sodium': ' 15mg', 'Total Carbohydrate': ' 0g', 'Protein': ' 0g'}"
,,,,,,,
111527110,Wegmans Food You Feel Good About Cilantro, Fresh Herbs,$1.49 each,"https://d2d8wwwkmhfcva.cloudfront.net/750x/filters:fill(FFF,true):format(jpg)/d2lnr5mha7bycj.cloudfront.net/product-image/file/large_b855bebe-eb6c-4ef0-bdcd-3be04a98a07a.jpeg","Our Food You Feel Good About yellow banner is your shortcut to great-tasting products with no artificial colors, flavors, or preservatives.",NA,"{'Calories': ' 0', 'Total Fat': ' 0g', 'Cholesterol': ' 0mg', 'Sodium': ' 15mg', 'Total Carbohydrate': ' 0g', 'Protein': ' 0g'}"
,,,,,,,
79064933,North Shore Living Herbs Rosemary, Fresh Herbs,$2.29 each,"https://d2d8wwwkmhfcva.cloudfront.net/750x/filters:fill(FFF,true):format(jpg)/d2lnr5mha7bycj.cloudfront.net/product-image/file/large_c9fd6cf7-5243-4db0-bf23-dc360399f779.jpeg","Fragrant, with a mild, spicy flavor.",NA,"{'Calories': ' 0', 'Total Fat': ' 0g', 'Cholesterol': ' 0mg', 'Sodium': ' 15mg', 'Total Carbohydrate': ' 0g', 'Protein': ' 0g'}"
,,,,,,,
111526839,Wegmans Food You Feel Good About Thyme, Fresh Herbs,$1.49 each,"https://d2d8wwwkmhfcva.cloudfront.net/750x/filters:fill(FFF,true):format(jpg)/d2lnr5mha7bycj.cloudfront.net/product-image/file/large_2d765c7b-7f1e-4cb0-af7a-57cee3ecf571.jpeg","Our Food You Feel Good About yellow banner is your shortcut to great-tasting products with no artificial colors, flavors, or preservatives.",NA,"{'Calories': ' 0', 'Total Fat': ' 0g', 'Cholesterol': ' 0mg', 'Sodium': ' 15mg', 'Total Carbohydrate': ' 0g', 'Protein': ' 0g'}"
,,,,,,,
107313984,Dill, Fresh Herbs,$2.29 each,"https://d2d8wwwkmhfcva.cloudfront.net/750x/filters:fill(FFF,true):format(jpg)/d2lnr5mha7bycj.cloudfront.net/product-image/file/large_33a106a6-5a2b-40d3-8961-3a59708f5183.jpeg","Dill - delicate feathery leaves are used often with fish, especially salmon, and in potato and cucumber salads. Storage: Herbs that are packaged in tubs should be kept that way in the refrigerator crisper up to one week.  If buying bunches, wrap stems in damp paper towel and refrigerate in an unsealed plastic bag, or place a bouquet of herbs, stem end down, in a tall glass and fill with water until the ends are covered one inch.  Cover the top of the bouquet with a plastic bag, securing it to the glass with a rubber band.Change water every two days.",NA,"{'Calories': ' 0', 'Total Fat': ' 0g', 'Cholesterol': ' 0mg', 'Sodium': ' 15mg', 'Total Carbohydrate': ' 0g', 'Protein': ' 0g'}"
,,,,,,,
79018706,Curly Parsley, Fresh Herbs,$1.99 each,"https://d2d8wwwkmhfcva.cloudfront.net/750x/filters:fill(FFF,true):format(jpg)/d2lnr5mha7bycj.cloudfront.net/product-image/file/large_831a9a6e-d94d-410d-a71e-67fd05cc2c0e.jpeg",Organically grown with pride and integrity. Healthy by choice. Organically grown in accordance with the California Foods Act of 1990.,NA,"{'Calories': ' 0', 'Total Fat': ' 0g', 'Cholesterol': ' 0mg', 'Sodium': ' 15mg', 'Total Carbohydrate': ' 0g', 'Protein': ' 0g'}"
,,,,,,,
78958658,Wegmans Basil, Fresh Herbs,$4.09 each,"https://d2d8wwwkmhfcva.cloudfront.net/750x/filters:fill(FFF,true):format(jpg)/d2lnr5mha7bycj.cloudfront.net/product-image/file/large_0c36e939-69e4-4c42-9cac-bb7fb7de7288.jpeg","Hydroponically Grown. Our Food You Feel Good About yellow banner is your shortcut to great-tasting, natural foods with no artificial colors, flavors preservatives.",NA,"{'Calories': ' 0', 'Total Fat': ' 0g', 'Cholesterol': ' 0mg', 'Sodium': ' 15mg', 'Total Carbohydrate': ' 0g', 'Protein': ' 0g'}"
,,,,,,,
83277719,Gourmet Garden™ Garlic Stir-in Paste, Fresh Herbs,$5.79 each,"https://d2d8wwwkmhfcva.cloudfront.net/750x/filters:fill(FFF,true):format(jpg)/d2lnr5mha7bycj.cloudfront.net/product-image/file/large_44c3c317-3844-41d4-b54d-6dd1cc6d9236.jpeg","Gourmet Garden Garlic Stir-in Paste is simply fresh Garlic that has been conveniently washed and chopped for you, and packed into an easy squeezable tube. Our Garlic is picked when the essential oils are at their peak to maximize the fresh flavor, color and aroma. Garlic can be added at the beginning or end of cooking. Add early on for a sweet base, or at the end of your cooking for a more pungent flavor. Ideal in every cuisine, Garlic especially loves pastas, stir frys, marinades and bread!","Garlic, Non-gm Canola Oil, Whey (milk), Sodium Lactate, Sea Salt, Dextrose, Glycerin, Citric Acid, Calcium Chloride, Xanthan Gum.","{'Calories': ' 10', 'Total Fat': ' 0g', 'Cholesterol': ' 0mg', 'Sodium': ' 120mg', 'Total Carbohydrate': ' 1g', 'Protein': ' 0g'}"
,,,,,,,
79179104,Le Grand Garden Pesto, Fresh Herbs,$6.39 each,"https://d2d8wwwkmhfcva.cloudfront.net/750x/filters:fill(FFF,true):format(jpg)/d2lnr5mha7bycj.cloudfront.net/product-image/file/large_0699a917-eb65-4a2f-b457-300014cdcb0f.jpeg","6 servings. Our grand garden pesto. So fresh yet so simple. Experiment! Ideal in salads, on fresh tomatoes and in an omelet! Grand products simply done! maisonlegrand.com. Recyclable where facilities exist. Product of Canada.","Herbs (parsley, Basil), Expeller-pressed Non-gmo Canola Oil, Sea Salt, Lemon Juice (concentrated And Fresh), Garlic, Lactic Acid.","{'Calories': ' 110', 'Total Fat': ' 12g', 'Cholesterol': ' 0mg', 'Sodium': ' 230mg', 'Total Carbohydrate': ' 1g', 'Protein': ' 0g'}"
,,,,,,,
79230653,Wholly Guacamole Spicy Guacamole Minis, Dips,$4.59 each,"https://d2d8wwwkmhfcva.cloudfront.net/750x/filters:fill(FFF,true):format(jpg)/d2lnr5mha7bycj.cloudfront.net/product-image/file/large_75368515-ba25-457e-b988-7f41bdfa9109.jpeg","All natural. America's No. 1. 100 calorie cups. Peel it. Dip it. Squeeze it. Love it! 4 minis. How do I use thee? Let me count the ways! Number 42. Spread on a turkey sandwich. Number 36. Dip veggies or pretzels. Number 21. Dress up a salad. Number 17. Swap for mayo in chicken salad. Gluten free. For great ideas & recipes, join us at: Eatwholly.com/recipes. Twitter: At wholley. Instagram. Facebook: Wholly Guacamole. Pinterest. We welcome your comments: Eatwholly.com/contact-us. Sustainable Forestry Initiative: Certified sourcing. www.sfiprogram.org. Please recycle. Eat some! Freeze some! All natural. No preservatives. Hand-scooped. Gluten free. Kosher. Homemade taste. Great for on-the-go! Your taste buds will thank you for it! Product of Mexico.","Hass Avocado, Vinegar, Jalapeno Pepper, Dehydrated Onion, Salt, Jalapeno Powder, Dehydrated Red Bell Pepper, Granulated Garlic.","{'Calories': ' 100', 'Total Fat': ' 9g', 'Cholesterol': ' 0mg', 'Sodium': ' 200mg', 'Total Carbohydrate': ' 5g', 'Protein': ' 1g'}"
,,,,,,,
79104364,Wholly Guacamole Organic - 2 CT, Dips,$5.79 each,"https://d2d8wwwkmhfcva.cloudfront.net/750x/filters:fill(FFF,true):format(jpg)/d2lnr5mha7bycj.cloudfront.net/product-image/file/large_57785f9b-f2a0-40e6-92b5-caf7e95ea3e7.jpeg","All natural. America's No. 1 guacamole. Hand-scooped avocados. USDA organic. Eat some. Freeze some. 100% all natural ingredients (stuff you can pronounce) + good fats (yes, good fats!) + no preservatives or additives (we don't need 'em) + gluten free and kosher certified (quality is the key!). Fresherized for flavor. Gluten free. We welcome your comments: eatwholly.com/contact-us. You're invited to the Wholly life! Who - For the have people will party crowd. When and where - Anytime friends or family pop over. Anyplace. How - Open box. Add chips & veggies. Put on great music. Celebrate the moment. Why - Life is about spending time with people who make you think, laugh & love. RSVP - eatwholly.com. Certified Organic by Oregon Tilth. Dip. Eat. Repeat. Eat one now. Freeze one for later. Please recycle. Product of Mexico.","Organic Hass Avocados, Contains 2% Or Less Of Water, Organic Dehydrated Onion, Organic Distilled Vinegar, Salt, Organic Granulated Garlic.","{'Calories': ' 60', 'Total Fat': ' 5g', 'Cholesterol': ' 0mg', 'Sodium': ' 110mg', 'Total Carbohydrate': ' 3g', 'Protein': ' 1g'}"
,,,,,,,
79021562,Marie's Chunky Blue Cheese Dressing & Dip, Dips,$4.09 each,"https://d2d8wwwkmhfcva.cloudfront.net/750x/filters:fill(FFF,true):format(jpg)/d2lnr5mha7bycj.cloudfront.net/product-image/file/large_bebc62f7-f3b0-4f08-aac6-e47027d6354b.jpeg","Only real premium ingredients. Gluten free. No preservatives. Open for inspiration. Dive in. Dunk. Drizzle. Dazzle. Get more inspiration at Facebook.com/MariesDressing. Questions or comments, call 1-800-339-1051. 100% recyclable glass.","Soybean Oil, Cultured Nonfat Buttermilk, Blue Cheese (pasteurized Milk, Cheese Cultures, Salt, Enzymes, Natamycin [mold Inhibitor]), Sour Cream (cultured Nonfat Milk, Cream), Egg Yolks, Distilled Vinegar, Contains Less Than 2% Of Spice, Garlic*, Salt, Mustard Bran, Xanthan Gum.","{'Calories': ' 160', 'Total Fat': ' 18g', 'Cholesterol': ' 15mg', 'Sodium': ' 170mg', 'Total Carbohydrate': ' 1g', 'Protein': ' 1g'}"
,,,,,,,
79199963,Marzetti Spinach Veggie Dip, Dips,$4.59 each,"https://d2d8wwwkmhfcva.cloudfront.net/750x/filters:fill(FFF,true):format(jpg)/d2lnr5mha7bycj.cloudfront.net/product-image/file/large_c8743964-448e-4930-a71c-ebfdfd9cbd26.jpeg",Marzetti Veggie Dip Spinach. Made with real cream. A quality product.,"Sour Cream (cream, Modified Corn Starch, Gelatin, Acetic Acid, Citric Acid, Lactic Acid, Natural And Artificial Flavor, Phosphoric Acid, Mono And Di-glycerides, Sodium Phosphate, Locust Bean And/or Xanthan Gum), Soybean Oil, Water, Distilled Vinegar, Enzyme Modified Egg Yolk, Sugar, Salt, Onion*, Spinach*, Carrots*, Modified Corn Starch, Monosodium Glutamate, Potassium Sorbate And Sodium Benzoate Added As Preservatives, Natural Flavors, Xanthan Gum, Garlic*, Disodium Inosinate, Disodium Guanylate, Calcium Disodium Edta Added To Protect Flavor, Chicken Fat.","{'Calories': ' 110', 'Total Fat': ' 12g', 'Cholesterol': ' 15mg', 'Sodium': ' 220mg', 'Total Carbohydrate': ' 2g', 'Protein': ' 1g'}"
,,,,,,,
79200431,Marzetti French Onion Veggie Dip, Dips,$4.59 each,"https://d2d8wwwkmhfcva.cloudfront.net/750x/filters:fill(FFF,true):format(jpg)/d2lnr5mha7bycj.cloudfront.net/product-image/file/large_bcdb14f9-c713-425a-816d-02c35168a254.jpeg","Eat well without missing out on all of the flavor that life has to offer! At Marzetti, we love pairing fresh produce with rich and creamy flavors. Simple, wholesome ingredients come together to make Marzetti French Onion Veggie Dip. Sour cream, onions and spices are blended in our signature recipe for a tangy, flavorful dip. Simply serve with fresh vegetables as a snack or spread over a steak sandwich for a flavorful meal. Includes one 14-ounce container of Marzetti French Onion Veggie Dip.","Sour Cream (cream, Modified Corn Starch, Lactic Acid, Dextrose, Gelatin, Mono And Diglycerides, Sodium Phosphate, Locust Bean Gum And/or Xanthan Gum And/or Guar Gum, Acetic Acid, Citric Acid, Phosphoric Acid, Natural And Artificial Flavor), Soybean Oil, Water, Onion*, Distilled Vinegar, Enzyme Modified Egg Yolk, Sugar, Salt, Modified Cornstarch, Potassium Sorbate And Sodium Benzoate Added As Preservatives, Caramel Color, Garlic*, Monosodium Glutamate, Lactic Acid, Natural Flavor, Xanthan Gum, Spice, Disodium Guanylate, Disodium Inosinate, Beef Fat, Calcium Disodium Edta Added To Protect Flavor.","{'Calories': ' 120', 'Total Fat': ' 11g', 'Cholesterol': ' 20mg', 'Sodium': ' 180mg', 'Total Carbohydrate': ' 3g', 'Protein': ' 1g'}"
,,,,,,,
79199973,Marzetti Southwest Ranch Veggie Dip, Dips,$4.59 each,"https://d2d8wwwkmhfcva.cloudfront.net/750x/filters:fill(FFF,true):format(jpg)/d2lnr5mha7bycj.cloudfront.net/product-image/file/large_1d2fa166-22df-48fd-b786-0bf55a7f14e9.jpeg","Eat well without missing out on all of the flavor that life has to offer! At Marzetti, we love pairing fresh produce with rich and creamy flavors. Simple, wholesome ingredients come together to make Marzetti Southwest Ranch Veggie Dip. Jalapeno peppers, onions and garlic combine with a blend of southwest spices and our signature creamy ranch recipe for a tangy, flavorful dip. With everything you love in the original and 45% fewer calories and 55% less fat, you get a lighter version of our original without sacrificing taste. Simply serve with fresh vegetables or mix with cooked chicken and spread over pizza dough for a zesty weeknight meal. Includes one 14-ounce container of Marzetti Light Southwest Ranch Veggie Dip.","Sour Cream (cream, Modified Corn Starch, Lactic Acid, Dextrose, Gelatin, Mono And Di-glycerides, Sodium Phosphate, Locust Bean Gum And/or Xanthan Gum And/or Guar Gum, Acetic Acid, Citric Acid, Phosphoric Acid, Natural And Artificial Flavor), Soybean Oil, Water, Distilled Vinegar, Enzyme Modified Egg Yolk, Sugar, Jalapeno Peppers, Salt, Onion*, Modified Corn Starch, Monosodium Glutamate, Spices, Bell Peppers*, Potassium Sorbate And Sodium Benzoate Added As Preservatives, Natural Flavors, Garlic*, Xanthan Gum, Disodium Inosinate, Disodium Guanylate, Wheat Germ, Cocoa Powder, Calcium Disodium Edta Added To Protect Flavor, Chicken Fat, Soy Lecithin.","{'Calories': ' 110', 'Total Fat': ' 12g', 'Cholesterol': ' 20mg', 'Sodium': ' 200mg', 'Total Carbohydrate': ' 2g', 'Protein': ' 1g'}"
,,,,,,,
79200279,Marzetti Dill Veggie Dip, Dips,$4.59 each,"https://d2d8wwwkmhfcva.cloudfront.net/750x/filters:fill(FFF,true):format(jpg)/d2lnr5mha7bycj.cloudfront.net/product-image/file/large_91233d82-b1b1-4817-9d56-0d103ec43833.jpeg",Marzetti Veggie Dip Dill. Made with real cream. A premium quality product.,"Cream (milk, Cream), Soybean Oil, Skim Milk, Water, Distilled Vinegar, Enzyme Modified Egg Yolk, Contains 2% Or Less Of: Sugar, Modified Cornstarch, Salt, Onion*, Lactic Acid, Spice, Dill Weed, Dextrose, Monosodium Glutamate, Lemon Juice Concentrate, Gelatin, Guar Gum, Potassium Sorbate And Sodium Benzoate Added As Preservatives, Mono And Di-glycerides, Natural And Artificial Flavors, Xanthan Gum, Sodium Phosphate, Garlic*, Acetic Acid, Citric Acid, Phosphoric Acid, Calcium Disodium Edta Added To Protect Flavor.","{'Calories': ' 110', 'Total Fat': ' 11g', 'Cholesterol': ' 15mg', 'Sodium': ' 180mg', 'Total Carbohydrate': ' 2g', 'Protein': ' 1g'}"
,,,,,,,
78998143,Marie's Original Coleslaw Dressing, Dips,$4.09 each,"https://d2d8wwwkmhfcva.cloudfront.net/750x/filters:fill(FFF,true):format(jpg)/d2lnr5mha7bycj.cloudfront.net/product-image/file/large_39a605fd-6a0b-4556-897a-9df5be83e691.jpeg","Only real premium ingredients. Gluten-free. No preservatives. Open for inspiration. Get more inspiration at Facebook.com/MariesDressing. Questions or comments, call 1-800-339-1051. 100% recyclable glass.","Soybean Oil, Sugar, Apple Cider Vinegar, Water, Egg Yolks, Contains Less Than 2% Of Salt, Natural Flavors, Dried Torula Yeast, Celery Seed, Spice, Xanthan Gum, Onion*, Garlic*.","{'Calories': ' 140', 'Total Fat': ' 13g', 'Cholesterol': ' 10mg', 'Sodium': ' 170mg', 'Total Carbohydrate': ' 7g', 'Protein': ' 0g'}"
,,,,,,,
79058981,Marzetti Cream Cheese Fruit Dip, Dips,$4.59 each,"https://d2d8wwwkmhfcva.cloudfront.net/750x/filters:fill(FFF,true):format(jpg)/d2lnr5mha7bycj.cloudfront.net/product-image/file/large_0ac13d7d-4d23-4a3c-baa3-17d9fe3f4e49.jpeg","Marzetti's rich, decadent Cream Cheese Fruit Dip is a treat for your taste buds. Now available in a portable 6-pack, it's perfect for lunches, picnics, events, and portion control. Naturally gluten-free, our cream cheese fruit dip is delicious on any kind of fruit from fresh strawberries and blueberries to apple and pineapple. Comes with six 2-ounce Snack Pack cups.","Water, Cream Cheese Spread [pasteurized Cream And Skim Milk, Salt, Lactic Acid, Guar Gum, Locust Bean Gum, Sodium Phosphate, Carrageenan, Natural Flavors], Sugar, Lemon Juice From Concentrate, Modified Corn Starch, Distilled Vinegar, Natural And Artificial Flavor, Salt, Pectin, Titanium Dioxide, Dextrose, Cultured Dextrose, Xanthan Gum, Potassium Sorbate (to Protect Freshness).","{'Calories': ' 90', 'Total Fat': ' 4.5g', 'Cholesterol': ' 15mg', 'Sodium': ' 125mg', 'Total Carbohydrate': ' 12g', 'Protein': ' 1g'}"
,,,,,,,
118352794,Marie's Garlic Parmesan Italian Vinaigrette, Dips,$4.09 each,"https://d2d8wwwkmhfcva.cloudfront.net/750x/filters:fill(FFF,true):format(jpg)/d2lnr5mha7bycj.cloudfront.net/product-image/file/large_c9e1159a-6b0c-4fcb-a3a4-9fe8cee7cf8b.jpeg","Made with real premium ingredients. Non GMO oil. Gluten-free. No preservatives. Makes a great marinade. Get more inspiration at Facebook.com/MariesDressing. Questions or comments, call 1-800-339-1051. 100% recyclable glass.","Water, Soybean Oil, Parmesan Cheese (pasteurized Milk, Cheese Culture, Salt, Enzymes), Distilled Vinegar, Garlic, Onion Juice, Garlic Juice, Extra Virgin Olive Oil, Sugar, Contains Less Than 2% Of Salt, Dijon Mustard (distilled Vinegar, Water, Mustard Seed, Salt, White Wine, Citric Acid, Turmeric [color], Spices, Tartaric Acid), Roasted Garlic*, Spices (includes Mustard), Xanthan Gum, Citric Acid, Natural Flavor.","{'Calories': ' 110', 'Total Fat': ' 11g', 'Cholesterol': ' 0mg', 'Sodium': ' 180mg', 'Total Carbohydrate': ' 2g', 'Protein': ' 1g'}"
,,,,,,,
79069797,Marzetti Classic Ranch Dressing, Dips,$4.59 each,"https://d2d8wwwkmhfcva.cloudfront.net/750x/filters:fill(FFF,true):format(jpg)/d2lnr5mha7bycj.cloudfront.net/product-image/file/large_6e9a6192-4c5f-4e79-8433-3d64463a4105.jpeg","We make our Classic Ranch with real, fresh buttermilk and combine with vinegar, garlic, and spices. Rich and delicious, it elevates an ordinary garden salad into something extraordinary. Use as an accompaniment to wings, grilled chicken, fresh veggies, or as a replacement for mayo on sandwiches. Marzetti® Classic Ranch dressing is naturally gluten-free and does not contain preservatives. Clean and simple, our Ranch dressing is the best you can feed your family. Feel good knowing that we use premium ingredients and make our products with great care. Comes in a 15-ounce jar.","Soybean Oil, Buttermilk, Distilled Vinegar, Egg Yolk, Salt, Sugar, Garlic*, Autolyzed Yeast Extract, Onion*, Spices, Xanthan Gum, Natural Flavors.","{'Calories': ' 160', 'Total Fat': ' 17g', 'Cholesterol': ' 10mg', 'Sodium': ' 210mg', 'Total Carbohydrate': ' 1g', 'Protein': ' 1g'}"
,,,,,,,
79327767,Marzetti Spicy Avocado Ranch! Veggie Dip, Dips,$4.59 each,"https://d2d8wwwkmhfcva.cloudfront.net/750x/filters:fill(FFF,true):format(jpg)/d2lnr5mha7bycj.cloudfront.net/product-image/file/large_91ec4207-0638-493d-9af7-5f0acac26adb.jpeg","Eat well without missing out on all of the flavor that life has to offer! At Marzetti, we love pairing fresh produce with rich and creamy flavors. Simple, wholesome ingredients come together to make Marzetti Spicy Avocado Ranch Veggie Dip. Avocado, sour cream, onions, jalapeno peppers and lime combine with spices and our signature ranch recipe for a tangy, flavorful dip. Simply serve with fresh vegetables as a snack or mix with bruschetta topping and spoon over crostini for a zesty appetizer. Includes one 14-ounce container of Marzetti Spicy Avocado Ranch Veggie Dip.","Soybean Oil, Water, Avocado, Sour Cream (cream, Modified Corn Starch, Lactic Acid, Dextrose, Gelatin, Mono And Di-glycerides, Sodium Phosphate, Locust Bean Gum And/or Xanthan Gum And/or Guar Gum, Acetic Acid, Citric Acid, Phosphoric Acid, Natural And Artificial Flavor), Distilled Vinegar, Egg Yolk, Salt, Cilantro, Garlic*, Onion*, Jalapeno Pepper*, Xanthan Gum, Cultured Whey, Lime Juice Concentrate, Natural Flavor, Potassium Sorbate And Sodium Benzoate Added As Preservatives, Fruit Juice Concentrate Added For Color, Spice, Oleoresin Turmeric, Calcium Disodium Edta Added To Protect Flavor.","{'Calories': ' 110', 'Total Fat': ' 12g', 'Cholesterol': ' 10mg', 'Sodium': ' 190mg', 'Total Carbohydrate': ' 1g', 'Protein': ' 0g'}"
,,,,,,,
79200412,Marzetti Light Dill Veggie Dip, Dips,$4.59 each,"https://d2d8wwwkmhfcva.cloudfront.net/750x/filters:fill(FFF,true):format(jpg)/d2lnr5mha7bycj.cloudfront.net/product-image/file/large_c3d165a6-820a-46f6-ab47-1fc5fbe7b1af.jpeg",Marzetti Dill! Veggie Dip Light. This product is made with real milk. This light dill veggie dip is 60 calories and 5g fat per serving and regular dill veggie dip is 110 calories and 11g fat per serving.,"Water, Soybean Oil, Non Fat Dry Milk, Modified Cornstarch, Sugar, Cream, Distilled Vinegar, Enzyme Modified Egg Yolk, Salt, Onion*, Whey, Monosodium Glutamate, Gelatin, Titanium Dioxide, Spice, Guar Gum, Dill Weed, Natural And Artificial Flavors, Lemon Juice Concentrate, Acetic Acid, Citric Acid, Lactic Acid, Phosphoric Acid, Cultured Dextrose, Sodium Phosphate, Potassium Sorbate And Sodium Benzoate Added As Preservatives, Carrageenan, Locust Bean Gum, Mono And Di-glycerides, Xanthan Gum, Garlic*, Calcium Disodium Edta Added To Protect Flavor.","{'Calories': ' 60', 'Total Fat': ' 5g', 'Cholesterol': ' 5mg', 'Sodium': ' 220mg', 'Total Carbohydrate': ' 4g', 'Protein': ' 1g'}"
,,,,,,,
79200230,Marzetti Blue Cheese Veggie Dip, Dips,$4.59 each,"https://d2d8wwwkmhfcva.cloudfront.net/750x/filters:fill(FFF,true):format(jpg)/d2lnr5mha7bycj.cloudfront.net/product-image/file/large_3a6b3151-9b5a-42ed-904c-22a83750d940.jpeg",Marzetti Veggie Dip Blue Cheese. This product is made with real cream.,"Soybean Oil, Water, Sour Cream (cream, Modified Corn Starch, Gelatin, Acetic Acid, Citric Acid, Lactic Acid, Natural And Artificial Flavor, Phosphoric Acid, Mono And Di-glycerides, Sodium Phosphate, Locust Bean And/or Xanthan Gum), Blue Cheese (milk, Cheese Cultures, Salt, Enzymes), Distilled Vinegar, Egg Yolk, High Fructose Corn Syrup, Salt, Dehydrated Garlic, Xanthan Gum, Phosphoric Acid, Mustard Seed, Cultured Whey, Monosodium Glutamate, Potassium Sorbate And Sodium Benzoate Added As Preservatives, Spice, Natural Flavor, Calcium Disodium Edta Added To Protect Flavor.","{'Calories': ' 150', 'Total Fat': ' 15g', 'Cholesterol': ' 15mg', 'Sodium': ' 210mg', 'Total Carbohydrate': ' 1g', 'Protein': ' 1g'}"
,,,,,,,
79078255,Marzetti Old Fashioned Caramel Dip, Dips,$4.89 each,"https://d2d8wwwkmhfcva.cloudfront.net/750x/filters:fill(FFF,true):format(jpg)/d2lnr5mha7bycj.cloudfront.net/product-image/file/large_cfb26680-084f-4cc4-b02e-d111f6817435.jpeg","Marzetti® Original Caramel Dip is an apple's best friend, and these Pack-a-Snack cups allow you to take them anywhere! Dip them, dunk them, or drizzle them. Add some pretzels for a delectable sweet and salty flavor. However you enjoy Marzetti® Original Caramel Dip, we know you'll love the rich, creamy taste that keeps you coming back for just one more bite. Comes with six 2-ounce cups.","High Fructose Corn Syrup, Nonfat Milk, Palm Oil, Corn Syrup, Sugar, Butter (cream, Salt), Modified Corn Starch, Less Than 2% Of: Disodium Phosphate, Potassium Sorbate (preservative), Salt, Mono And Diglycerides, Artificial Flavors.","{'Calories': ' 200', 'Total Fat': ' 6g', 'Cholesterol': ' 0mg', 'Sodium': ' 110mg', 'Total Carbohydrate': ' 35g', 'Protein': ' 1g'}"
,,,,,,,
87583215,Marzetti Peanut Butter Caramel Dip!, Dips,$4.89 each,"https://d2d8wwwkmhfcva.cloudfront.net/750x/filters:fill(FFF,true):format(jpg)/d2lnr5mha7bycj.cloudfront.net/product-image/file/large_7d5a3fdf-25af-48ce-9c5c-cb3686293b4a.jpeg","In some homes, peanut butter is practically a superfood, and rightfully so. We made our Peanut Butter Caramel Dip just for those who appreciate the delicious combination of salty and sweet. Add to a plate of apples, pears or pretzels. Drizzle over a pie or homemade cookies. However you choose to enjoy Marzetti's Peanut Butter Caramel Dip, we know that you'll appreciate the care and craft that has gone into the rich, creamy recipe. Comes in a 16.5-ounce tub.","High Fructose Corn Syrup, Peanut Butter [roasted Peanuts, Sugar, Less Than 2% Of Hydrogenated Vegetable Oils (cottonseed And Rapeseed), Salt], Water, Maltodextrin, Brown Sugar, Modified Cornstarch, Salt, Natural And Artificial Flavor, Soybean Oil, Mono And Di-glycerides, Sodium Benzoate And Sorbic Acid Added As Preservatives, Xanthan Gum, Calcium Disodium Edta Added To Protect Flavor.","{'Calories': ' 140', 'Total Fat': ' 6g', 'Cholesterol': ' 0mg', 'Sodium': ' 180mg', 'Total Carbohydrate': ' 18g', 'Protein': ' 3g'}"
,,,,,,,
79105857,Marzetti Light French Vanilla Yogurt Fruit Dip, Dips,$4.59 each,"https://d2d8wwwkmhfcva.cloudfront.net/750x/filters:fill(FFF,true):format(jpg)/d2lnr5mha7bycj.cloudfront.net/product-image/file/large_6eb6af4f-a588-406c-b23a-519b7ebc61bc.jpeg","Made with low-fat yogurt and vanilla, Marzetti's Light French Vanilla Fruit Dip allows you to enjoy the flavors you love without feeling guilty. Use with your favorite fresh berries, or as a dip for apple and pear slices. This dip also makes the perfect dressing for a quick fruit salad on the go, and pairs well with pound cake, angel food cake, or lady fingers. You could also make a fresh fruit trifle that will be the star of your next barbeque or event! Comes in a 13.5-ounce tub.","Water, Yogurt (cultured Pasteurized Nonfat Milk), Sugar, Modified Corn Starch, Lemon Juice From Concentrate, Distilled Vinegar, Vanilla Extract, Pectin, Salt, Titanium Dioxide, Natural Flavor, Cultured Dextrose, Xanthan Gum, Potassium Sorbate Added To Protect Freshness, Annatto Color.","{'Calories': ' 40', 'Total Fat': ' 0g', 'Cholesterol': ' 0mg', 'Sodium': ' 55mg', 'Total Carbohydrate': ' 9g', 'Protein': ' 1g'}"
